날짜,시간,타입,대분류,소분류,내용,금액,화폐,결제수단,메모
2025-12-03,09:09,지출,카페/간식,커피/음료,더리터 직영종로점,-3750,KRW,네이버페이 간편결제(머니),
2025-12-03,09:09,지출,카페/간식,커피/음료,더리터 직영종로점,-50,KRW,네이버페이 간편결제(포인트),
2025-12-02,21:03,지출,교통,철도,코레일유통주식회사/게이트뱅크(일반),-500,KRW,네이버페이 간편결제(머니),
2025-12-02,20:19,지출,교통,대중교통,티머니 지하철,-800,KRW,K-패스 하나 체크카드,
2025-12-02,19:42,지출,교통,대중교통,경기시내버스_이비,-3200,KRW,K-패스 하나 체크카드,
2025-12-02,14:00,지출,카페/간식,커피/음료,메가엠지씨커피 서울탑골공원점,-5700,KRW,네이버페이 간편결제(머니),
2025-12-02,07:33,지출,교통,대중교통,티머니 지하철,-2250,KRW,K-패스 하나 체크카드,
2025-12-01,19:32,지출,생활,생필품,주식회사 아성다이소,-835,KRW,네이버페이 간편결제(머니),
2025-12-01,19:32,지출,생활,생필품,주식회사 아성다이소,-165,KRW,네이버페이 간편결제(포인트),
2025-12-01,17:01,지출,온라인쇼핑,인터넷쇼핑,Aliexpress.com,7902,KRW,국민행복,
2025-12-01,16:31,지출,온라인쇼핑,인터넷쇼핑,Aliexpress.com,-7902,KRW,국민행복,
2025-12-01,13:56,지출,식비,한식,순천식당,-10000,KRW,네이버페이 머니 하나 체크카드,
2025-11-30,16:29,지출,온라인쇼핑,결제/충전,Alipay Plus,8619,KRW,네이버페이 간편결제(머니),
2025-11-30,15:48,지출,온라인쇼핑,결제/충전,Alipay Plus,-17724,KRW,네이버페이 간편결제(머니),
2025-11-30,14:32,지출,카페/간식,아이스크림/빙수,현대 아이스크림 할인점,-1000,KRW,네이버페이 간편결제(머니),
2025-11-30,13:45,지출,금융,카드,엔에이치엔페이코 주,-4000,KRW,네이버페이 간편결제(머니),
2025-11-30,13:45,지출,금융,카드,엔에이치엔페이코 주,-4000,KRW,네이버페이 머니,
2025-11-30,13:42,지출,생활,생필품,토이하우스,-1000,KRW,네이버페이 간편결제(머니),
2025-11-29,20:21,지출,교통,대중교통,티머니 지하철,-800,KRW,K-패스 하나 체크카드,
2025-11-29,19:41,지출,교통,대중교통,경기시내버스_이비,-3200,KRW,K-패스 하나 체크카드,
2025-11-29,13:54,지출,카페/간식,커피/음료,더벤티 이천신하점,-3900,KRW,Deep On (체크),
2025-11-29,13:41,지출,카페/간식,아이스크림/빙수,하드나라 신하점,-600,KRW,Deep On (체크),
2025-11-29,08:27,지출,교통,대중교통,경기시내버스_이비,-1750,KRW,K-패스 하나 체크카드,
2025-11-29,08:27,지출,교통,대중교통,경기시내버스_이비,-1750,KRW,K-패스 하나 체크카드,
2025-11-29,07:33,지출,교통,대중교통,티머니 지하철,-2250,KRW,K-패스 하나 체크카드,
2025-11-28,20:18,지출,교통,대중교통,티머니 지하철,-800,KRW,K-패스 하나 체크카드,
2025-11-28,19:44,지출,교통,대중교통,티머니 버스,-3000,KRW,K-패스 하나 체크카드,
2025-11-28,13:57,지출,카페/간식,커피/음료,메가엠지씨커피 보신각점,-2900,KRW,네이버페이 간편결제(머니),
2025-11-28,13:34,지출,식비,패스트푸드,KFC청계천점,-1300,KRW,네이버페이 간편결제(머니),
2025-11-28,13:34,지출,식비,패스트푸드,KFC청계천점,-5400,KRW,네이버페이 간편결제(머니),
2025-11-28,11:06,지출,온라인쇼핑,서비스구독,알리페이_정기2_원화정산_카드x,-8322,KRW,네이버페이 간편결제(머니),
2025-11-28,09:01,지출,카페/간식,커피/음료,더리터커피(1)_나이스,-3700,KRW,네이버페이 머니 하나 체크카드,
2025-11-28,07:33,지출,교통,대중교통,티머니 지하철,-2250,KRW,K-패스 하나 체크카드,
2025-11-27,20:20,지출,교통,대중교통,티머니 지하철,-800,KRW,K-패스 하나 체크카드,
2025-11-27,19:50,지출,교통,대중교통,경기시내버스_이비,-3200,KRW,K-패스 하나 체크카드,
2025-11-27,19:35,지출,생활,생필품,주식회사 아성다이소,-1712,KRW,네이버페이 간편결제(머니),
2025-11-27,19:35,지출,생활,생필품,주식회사 아성다이소,-288,KRW,네이버페이 간편결제(포인트),
2025-11-27,16:25,지출,온라인쇼핑,결제/충전,나이스_결제,-3700,KRW,네이버페이 머니 하나 통장,
2025-11-27,14:07,지출,식비,한식,이복희해장 종로직영점,-12000,KRW,K-패스 하나 체크카드,
2025-11-27,09:04,지출,카페/간식,커피/음료,더리터커피(1)_나이스,-2800,KRW,네이버페이 머니 하나 체크카드,
2025-11-27,08:40,지출,교통,대중교통,경기시내버스_이비,-1750,KRW,K-패스 하나 체크카드,
2025-11-27,08:35,지출,교통,대중교통,경기시내버스_이비,-1750,KRW,K-패스 하나 체크카드,
2025-11-27,07:38,지출,교통,대중교통,티머니 지하철,-2250,KRW,K-패스 하나 체크카드,
2025-11-26,21:23,지출,교통,철도,코레일유통주식회사/게이트뱅크(일반),-500,KRW,네이버페이 간편결제(머니),
2025-11-26,20:36,지출,온라인쇼핑,인터넷쇼핑,쿠팡 주식회사,-12900,KRW,네이버페이 간편결제(머니),
2025-11-26,20:36,지출,온라인쇼핑,인터넷쇼핑,쿠팡 주식회사,-12900,KRW,네이버페이 머니,
2025-11-26,20:19,지출,교통,대중교통,티머니 지하철,-800,KRW,K-패스 하나 체크카드,
2025-11-26,19:47,지출,교통,대중교통,경기시내버스_이비,-3200,KRW,K-패스 하나 체크카드,
2025-11-26,18:49,지출,온라인쇼핑,인터넷쇼핑,www.aliexpress.com,-5160,KRW,네이버페이 간편결제(머니),
2025-11-26,18:49,지출,온라인쇼핑,인터넷쇼핑,www.aliexpress.com,-5160,KRW,네이버페이 머니,
2025-11-26,17:19,지출,온라인쇼핑,인터넷쇼핑,www.aliexpress.com,-3830,KRW,네이버페이 간편결제(머니),
2025-11-26,17:19,지출,온라인쇼핑,인터넷쇼핑,www.aliexpress.com,-3830,KRW,네이버페이 머니,
2025-11-26,14:22,지출,카페/간식,커피/음료,더리터 직영종로점,-3500,KRW,네이버페이 간편결제(머니),
2025-11-26,14:20,지출,생활,생필품,주식회사 아성다이소,-4000,KRW,네이버페이 간편결제(머니),
2025-11-26,13:45,지출,식비,패스트푸드,KFC청계천,-8500,KRW,네이버페이 머니 하나 체크카드,
2025-11-26,12:54,지출,교통,대중교통,경기시내버스_이비,-1750,KRW,K-패스 하나 체크카드,
2025-11-26,11:54,지출,교통,대중교통,티머니 지하철,-2250,KRW,K-패스 하나 체크카드,
2025-11-26,09:27,지출,카페/간식,커피/음료,더리터커피(1)_나이스,-2800,KRW,네이버페이 머니 하나 체크카드,
2025-11-25,22:49,지출,문화/여가,게임,네이버 게임스트리밍,-1100,KRW,네이버페이 간편결제,
2025-11-25,21:23,지출,교통,철도,코레일유통주식회사/게이트뱅크(일반),-500,KRW,네이버페이 간편결제(머니),
2025-11-25,20:19,지출,교통,대중교통,티머니 지하철,-800,KRW,K-패스 하나 체크카드,
2025-11-25,19:44,지출,교통,대중교통,경기시내버스_이비,-3200,KRW,K-패스 하나 체크카드,
2025-11-25,18:43,지출,온라인쇼핑,결제/충전,나이스_결제,-3600,KRW,네이버페이 머니 하나 통장,
2025-11-25,13:24,지출,카페/간식,커피/음료,더리터커피(1)_나이스,-3800,KRW,네이버페이 머니 하나 체크카드,
2025-11-25,10:41,지출,온라인쇼핑,서비스구독,(주)피치그로브,-10290,KRW,네이버페이 간편결제(머니),
2025-11-25,10:41,지출,온라인쇼핑,서비스구독,(주)피치그로브,-10290,KRW,네이버페이 머니,
2025-11-25,07:30,지출,교통,대중교통,티머니 지하철,-2250,KRW,K-패스 하나 체크카드,
2025-11-24,21:21,지출,생활,생활서비스,코레일유통주식회사,-400,KRW,K-패스 하나 체크카드,
2025-11-24,20:14,지출,생활,편의점,지에스25 판교스테이트점,-1500,KRW,K-패스 하나 체크카드,
2025-11-24,18:58,지출,온라인쇼핑,결제/충전,나이스_결제,-2800,KRW,네이버페이 머니 하나 통장,
2025-11-24,18:37,지출,교통,대중교통,경기시내버스_이비,-1650,KRW,K-패스 하나 체크카드,
2025-11-24,17:09,지출,교통,대중교통,경기시내버스_이비,-1650,KRW,K-패스 하나 체크카드,
2025-11-24,15:29,지출,온라인쇼핑,결제/충전,나이스_결제,-2400,KRW,네이버페이 머니 하나 통장,
2025-11-24,13:34,지출,식비,패스트푸드,한국맥도날드(유)종로3가점,-1500,KRW,네이버페이 머니 하나 체크카드,
2025-11-24,13:32,지출,식비,패스트푸드,엔에이치엔케이씨피 주식회사,-1900,KRW,카카오페이 간편결제,
2025-11-24,11:45,지출,온라인쇼핑,서비스구독,(주)피치그로브,100,KRW,네이버페이 간편결제(머니),
2025-11-24,11:45,지출,온라인쇼핑,서비스구독,(주)피치그로브,-100,KRW,네이버페이 간편결제(머니),
2025-11-23,20:34,지출,교통,대중교통,경기시내버스_이비,-1650,KRW,K-패스 하나 체크카드,
2025-11-23,17:17,지출,교통,대중교통,경기시내버스_이비,-1650,KRW,K-패스 하나 체크카드,
2025-11-23,14:35,지출,금융,카드,엔에이치엔페이코 주,-3900,KRW,네이버페이 간편결제(머니),
2025-11-23,14:35,지출,금융,카드,엔에이치엔페이코 주,-3900,KRW,네이버페이 머니,
2025-11-23,14:32,지출,생활,생필품,토이하우스,-1000,KRW,국민내일배움 FANtastic S 체크,
2025-11-23,12:02,지출,온라인쇼핑,인터넷쇼핑,Aliexpress.com,-17403,KRW,국민행복,
2025-11-22,21:47,지출,카페/간식,아이스크림/빙수,현대 아이스크림 할인점,-500,KRW,국민내일배움 FANtastic S 체크,
2025-11-22,21:28,지출,금융,카드,엔에이치엔페이코 주,-3500,KRW,네이버페이 간편결제(머니),
2025-11-22,21:28,지출,금융,카드,엔에이치엔페이코 주,-3500,KRW,네이버페이 머니,
2025-11-22,21:27,지출,의료/건강,약국,용수약국,-3000,KRW,국민내일배움 FANtastic S 체크,
2025-11-22,21:25,지출,생활,생필품,토이하우스,-3000,KRW,네이버페이 간편결제(머니),
2025-11-22,21:23,지출,생활,생필품,토이하우스,-3000,KRW,네이버페이 간편결제(머니),
2025-11-22,19:42,지출,교통,대중교통,티머니 지하철,-800,KRW,K-패스 하나 체크카드,
2025-11-22,18:30,지출,교통,대중교통,경기시내버스_이비,-3200,KRW,K-패스 하나 체크카드,
2025-11-22,14:34,지출,금융,카드,엔에이치엔페이코 주,-3500,KRW,네이버페이 간편결제(머니),
2025-11-22,14:34,지출,금융,카드,엔에이치엔페이코 주,-3500,KRW,네이버페이 머니,
2025-11-22,14:32,지출,의료/건강,약국,용수약국,-6500,KRW,국민내일배움 FANtastic S 체크,
2025-11-22,14:30,지출,생활,생필품,토이하우스,-3000,KRW,네이버페이 간편결제(머니),
2025-11-22,14:22,지출,카페/간식,아이스크림/빙수,현대 아이스크림 할인점,-600,KRW,국민내일배움 FANtastic S 체크,
2025-11-22,08:30,지출,교통,대중교통,경기시내버스_이비,-1750,KRW,K-패스 하나 체크카드,
2025-11-22,08:27,지출,교통,대중교통,경기시내버스_이비,-1750,KRW,K-패스 하나 체크카드,
2025-11-22,07:31,지출,교통,대중교통,티머니 지하철,-2250,KRW,K-패스 하나 체크카드,
2025-11-21,19:43,지출,생활,생활서비스,코레일유통주식회사,-10900,KRW,K-패스 하나 체크카드,
2025-11-21,19:40,지출,교통,대중교통,티머니 지하철,-800,KRW,K-패스 하나 체크카드,
2025-11-21,18:36,지출,교통,대중교통,경기시내버스_이비,-3200,KRW,K-패스 하나 체크카드,
2025-11-21,14:02,지출,카페/간식,커피/음료,빽다방 종로3가낙원점,-2000,KRW,네이버페이 머니 하나 체크카드,
2025-11-21,13:59,지출,카페/간식,커피/음료,빽다방 종로3가낙원점,-6100,KRW,네이버페이 간편결제(머니),
2025-11-21,08:59,지출,금융,카드,대표인증(1)_나이스,-3000,KRW,네이버페이 머니 하나 체크카드,
2025-11-21,07:30,지출,교통,대중교통,티머니 지하철,-2250,KRW,K-패스 하나 체크카드,
2025-11-20,20:44,지출,교통,철도,한국철도공사 수도권서부본부별관,-1300,KRW,네이버페이 간편결제(머니),
2025-11-20,20:27,지출,교통,대중교통,티머니 지하철,-800,KRW,K-패스 하나 체크카드,
2025-11-20,19:50,지출,교통,대중교통,경기시내버스_이비,-3200,KRW,K-패스 하나 체크카드,
2025-11-20,19:36,지출,온라인쇼핑,결제/충전,나이스_결제,-2000,KRW,네이버페이 머니 하나 통장,
2025-11-20,13:26,지출,식비,패스트푸드,BKR버거킹종로점,-6200,KRW,네이버페이 간편결제(머니),
2025-11-20,09:12,지출,카페/간식,커피/음료,더리터 직영종로점,-248,KRW,네이버페이 간편결제(포인트),
2025-11-20,09:12,지출,카페/간식,커피/음료,더리터 직영종로점,-3552,KRW,네이버페이 간편결제(머니),
2025-11-20,08:31,지출,교통,대중교통,경기시내버스_이비,-1750,KRW,K-패스 하나 체크카드,
2025-11-20,07:39,지출,교통,대중교통,티머니 지하철,-2250,KRW,K-패스 하나 체크카드,
2025-11-19,21:23,지출,교통,철도,코레일유통주식회사/게이트뱅크(일반),-462,KRW,네이버페이 간편결제(머니),
2025-11-19,21:23,지출,교통,철도,코레일유통주식회사/게이트뱅크(일반),-38,KRW,네이버페이 간편결제(포인트),
2025-11-19,19:41,지출,교통,대중교통,티머니 지하철,-800,KRW,K-패스 하나 체크카드,
2025-11-19,18:55,지출,교통,대중교통,경기시내버스_이비,-3200,KRW,K-패스 하나 체크카드,
2025-11-19,09:19,지출,온라인쇼핑,결제/충전,나이스_결제,-1800,KRW,네이버페이 머니 하나 통장,
2025-11-19,08:37,지출,교통,대중교통,경기시내버스_이비,-1750,KRW,K-패스 하나 체크카드,
2025-11-19,08:31,지출,교통,대중교통,경기시내버스_이비,-1750,KRW,K-패스 하나 체크카드,
2025-11-19,07:39,지출,교통,대중교통,티머니 지하철,-2250,KRW,K-패스 하나 체크카드,
2025-11-18,20:43,지출,교통,철도,코레일유통주식회사/게이트뱅크(일반),-400,KRW,네이버페이 간편결제(머니),
2025-11-18,19:47,지출,교통,대중교통,티머니 지하철,-800,KRW,K-패스 하나 체크카드,
2025-11-18,19:05,지출,교통,대중교통,경기시내버스_이비,-3200,KRW,K-패스 하나 체크카드,
2025-11-18,13:51,지출,카페/간식,커피/음료,메가엠지씨커피 서울탑골공원점,-3800,KRW,네이버페이 간편결제(머니),
2025-11-18,13:49,지출,금융,은행,송금 내역,-10500,KRW,카카오페이 머니,
2025-11-18,07:39,지출,교통,대중교통,티머니 지하철,-2250,KRW,K-패스 하나 체크카드,
2025-11-17,22:41,지출,온라인쇼핑,인터넷쇼핑,쿠팡,-12600,KRW,국민행복,
2025-11-17,20:45,지출,생활,편의점,코레일유통(주)경기본부,-900,KRW,네이버페이 머니 하나 체크카드,
2025-11-17,19:00,지출,생활,생필품,주식회사 아성다이소,-5500,KRW,네이버페이 간편결제(머니),
2025-11-17,14:15,지출,온라인쇼핑,인터넷쇼핑,AliExpress L2L,111,KRW,네이버페이 간편결제(머니),
2025-11-17,13:21,지출,금융,증권/투자,토스퀵계좌이체,-5490,KRW,네이버페이 머니 하나 통장,
2025-11-17,13:05,지출,온라인쇼핑,인터넷쇼핑,G마켓,-1100,KRW,국민행복,
2025-11-17,12:43,지출,문화/여가,게임,겜우리,-27300,KRW,네이버페이 간편결제,
2025-11-17,12:12,지출,온라인쇼핑,서비스구독,Amazon Web Service_KCP,100,KRW,K-패스 하나 체크카드,
2025-11-17,12:12,지출,온라인쇼핑,서비스구독,Amazon Web Service_KCP,-100,KRW,K-패스 하나 체크카드,
2025-11-17,10:06,지출,온라인쇼핑,인터넷쇼핑,네이버페이후불,-20216,KRW,네이버페이 머니 하나 통장,
2025-11-17,09:13,지출,카페/간식,커피/음료,더리터 직영종로점,-2500,KRW,네이버페이 간편결제(머니),
2025-11-16,17:42,지출,온라인쇼핑,인터넷쇼핑,AliExpress L2L,-111,KRW,네이버페이 간편결제(머니),
2025-11-16,15:43,지출,생활,편의점,지에스GS25 부발역점,-18400,KRW,Deep On (체크),
2025-11-16,15:16,지출,생활,편의점,씨유(CU)이천아미애플점,-6800,KRW,Deep On (체크),
2025-11-16,14:34,지출,카페/간식,커피/음료,더벤티 이천하이닉스점,-2830,KRW,네이버페이 간편결제(머니),
2025-11-16,14:34,지출,카페/간식,커피/음료,더벤티 이천하이닉스점,-670,KRW,네이버페이 간편결제(포인트),
2025-11-16,14:12,지출,카페/간식,아이스크림/빙수,현대 아이스크림 할인점,-600,KRW,네이버페이 간편결제(포인트),
2025-11-16,13:56,지출,온라인쇼핑,인터넷쇼핑,AliExpress L2L,111,KRW,네이버페이 간편결제(머니),
2025-11-15,19:56,지출,교통,대중교통,티머니 지하철,-800,KRW,K-패스 하나 체크카드,
2025-11-15,19:16,지출,교통,대중교통,경기시내버스_이비,-3200,KRW,K-패스 하나 체크카드,
2025-11-15,14:02,지출,온라인쇼핑,인터넷쇼핑,AliExpress L2L,111,KRW,네이버페이 간편결제(머니),
2025-11-15,12:16,지출,온라인쇼핑,인터넷쇼핑,AliExpress L2L,-111,KRW,네이버페이 간편결제(머니),
2025-11-15,11:40,지출,카페/간식,커피/음료,더벤티 이천하이닉스점,-3500,KRW,네이버페이 간편결제(머니),
2025-11-15,10:43,지출,카페/간식,아이스크림/빙수,현대 아이스크림 할인점,-326,KRW,네이버페이 간편결제(머니),
2025-11-15,10:43,지출,카페/간식,아이스크림/빙수,현대 아이스크림 할인점,-1074,KRW,네이버페이 간편결제(포인트),
2025-11-15,10:42,지출,뷰티/미용,헤어샵,문(Moon)헤어살롱,-15000,KRW,네이버페이 간편결제(머니),
2025-11-15,10:42,지출,뷰티/미용,헤어샵,문(Moon)헤어살롱,-15000,KRW,네이버페이 머니,
2025-11-15,08:34,지출,교통,대중교통,경기시내버스_이비,-1750,KRW,K-패스 하나 체크카드,
2025-11-15,08:34,지출,교통,대중교통,경기시내버스_이비,-1750,KRW,K-패스 하나 체크카드,
2025-11-15,07:38,지출,교통,대중교통,티머니 지하철,-2250,KRW,K-패스 하나 체크카드,
2025-11-14,21:17,지출,교통,대중교통,티머니 지하철,-800,KRW,K-패스 하나 체크카드,
2025-11-14,20:44,지출,교통,대중교통,경기시내버스_이비,-3200,KRW,K-패스 하나 체크카드,
2025-11-14,15:34,지출,온라인쇼핑,인터넷쇼핑,AliExpress L2L,-111,KRW,네이버페이 간편결제(머니),
2025-11-14,14:28,지출,온라인쇼핑,인터넷쇼핑,AliExpress L2L,111,KRW,네이버페이 간편결제(머니),
2025-11-14,14:00,지출,카페/간식,커피/음료,메가엠지씨커피 서울탑골공원점,-1700,KRW,네이버페이 간편결제(머니),
2025-11-14,13:26,지출,식비,패스트푸드,BKR버거킹종로점,-7200,KRW,네이버페이 간편결제(머니),
2025-11-14,09:11,지출,온라인쇼핑,결제/충전,나이스_결제,-4200,KRW,네이버페이 머니 하나 통장,
2025-11-14,07:39,지출,교통,대중교통,티머니 지하철,-2250,KRW,K-패스 하나 체크카드,
2025-11-13,22:03,지출,교통,철도,코레일유통주식회사/게이트뱅크(일반),-500,KRW,네이버페이 간편결제(머니),
2025-11-13,20:21,지출,교통,대중교통,티머니 지하철,-800,KRW,K-패스 하나 체크카드,
2025-11-13,19:50,지출,교통,대중교통,경기시내버스_이비,-3200,KRW,K-패스 하나 체크카드,
2025-11-13,13:29,지출,식비,패스트푸드,BKR버거킹종로점,-6200,KRW,네이버페이 간편결제(머니),
2025-11-13,10:50,지출,온라인쇼핑,결제/충전,Alipay Plus,-6842,KRW,네이버페이 간편결제(머니),
2025-11-13,10:48,지출,온라인쇼핑,인터넷쇼핑,AliExpress L2L,-111,KRW,네이버페이 간편결제(머니),
2025-11-13,08:34,지출,교통,대중교통,경기시내버스_이비,-1750,KRW,K-패스 하나 체크카드,
2025-11-13,07:38,지출,교통,대중교통,티머니 지하철,-2250,KRW,K-패스 하나 체크카드,
2025-11-13,04:31,지출,금융,카드,하나카드_체크,-131150,KRW,네이버페이 머니 하나 통장,
2025-11-12,20:28,지출,교통,대중교통,티머니 지하철,-800,KRW,K-패스 하나 체크카드,
2025-11-12,19:55,지출,교통,대중교통,경기시내버스_이비,-3200,KRW,K-패스 하나 체크카드,
2025-11-12,19:44,지출,생활,편의점,(주)코리아세븐 NewWave종각점,-2400,KRW,K-패스 하나 체크카드,
2025-11-12,18:58,지출,온라인쇼핑,결제/충전,나이스_결제,-2670,KRW,네이버페이 머니 하나 통장,
2025-11-12,13:47,지출,카페/간식,커피/음료,메가엠지씨커피 서울탑골공원점,-6780,KRW,네이버페이 간편결제(머니),
2025-11-12,13:47,지출,카페/간식,커피/음료,메가엠지씨커피 서울탑골공원점,-20,KRW,네이버페이 간편결제(포인트),
2025-11-12,13:21,지출,온라인쇼핑,결제/충전,나이스_결제,-5200,KRW,네이버페이 머니 하나 통장,
2025-11-12,08:37,지출,교통,대중교통,경기시내버스_이비,-1750,KRW,K-패스 하나 체크카드,
2025-11-12,08:31,지출,교통,대중교통,경기시내버스_이비,-1750,KRW,K-패스 하나 체크카드,
2025-11-12,07:38,지출,교통,대중교통,티머니 지하철,-2250,KRW,K-패스 하나 체크카드,
2025-11-12,06:57,지출,온라인쇼핑,인터넷쇼핑,AliExpress Korea Limited,111,KRW,토스 간편결제,
2025-11-12,06:57,지출,생활,편의점,토스페이,-2,KRW,토스뱅크 통장,
2025-11-11,21:23,지출,교통,철도,코레일유통주식회사/게이트뱅크(일반),-500,KRW,네이버페이 간편결제(머니),
2025-11-11,20:25,지출,교통,대중교통,티머니 지하철,-800,KRW,K-패스 하나 체크카드,
2025-11-11,19:59,지출,교통,대중교통,경기시내버스_이비,-3200,KRW,K-패스 하나 체크카드,
2025-11-11,14:04,지출,온라인쇼핑,인터넷쇼핑,AliExpress Korea Limited,111,KRW,토스 간편결제,
2025-11-11,09:34,지출,문화/여가,게임,ALIPAY CONNECT PTE. LTD,-3960,KRW,카카오페이 간편결제,
2025-11-11,07:41,지출,교통,대중교통,티머니 지하철,-2250,KRW,K-패스 하나 체크카드,
2025-11-10,19:54,지출,생활,생필품,주식회사 아성다이소,-3000,KRW,네이버페이 간편결제(머니),
2025-11-10,19:17,지출,의료/건강,약국,용수약국,-2500,KRW,국민내일배움 FANtastic S 체크,
2025-11-10,13:45,지출,카페/간식,커피/음료,메가엠지씨커피 서울탑골공원점,-3067,KRW,네이버페이 간편결제(머니),
2025-11-10,13:45,지출,카페/간식,커피/음료,메가엠지씨커피 서울탑골공원점,-33,KRW,네이버페이 간편결제(포인트),
2025-11-10,13:25,지출,온라인쇼핑,결제/충전,나이스_결제,-1000,KRW,네이버페이 머니 하나 통장,
2025-11-10,10:16,지출,온라인쇼핑,인터넷쇼핑,삼성11-003건,-22287,KRW,네이버페이 머니 하나 통장,
2025-11-10,09:19,지출,온라인쇼핑,결제/충전,나이스_결제,-2900,KRW,네이버페이 머니 하나 통장,
2025-11-09,14:00,지출,카페/간식,아이스크림/빙수,현대 아이스크림 할인점,-700,KRW,국민내일배움 FANtastic S 체크,
2025-11-08,22:16,지출,생활,편의점,씨유(CU) 이천현대7차점,-3600,KRW,국민내일배움 FANtastic S 체크,
2025-11-08,22:07,지출,생활,편의점,씨유(CU)이천아미애플점,-7000,KRW,국민내일배움 FANtastic S 체크,
2025-11-08,22:02,지출,생활,편의점,씨유(CU) 이천클래시아점,-5600,KRW,국민내일배움 FANtastic S 체크,
2025-11-08,21:14,지출,카페/간식,커피/음료,메가커피(megacoffee),-3400,KRW,국민내일배움 FANtastic S 체크,
2025-11-08,20:20,지출,교통,대중교통,티머니 지하철,-800,KRW,K-패스 하나 체크카드,
2025-11-08,19:50,지출,교통,대중교통,경기시내버스_이비,-3200,KRW,K-패스 하나 체크카드,
2025-11-08,13:32,지출,문화/여가,게임,ALIPAY CONNECT PTE. LTD,-2300,KRW,카카오페이 간편결제,
2025-11-08,08:31,지출,교통,대중교통,경기시내버스_이비,-1750,KRW,K-패스 하나 체크카드,
2025-11-08,08:28,지출,교통,대중교통,경기시내버스_이비,-1750,KRW,K-패스 하나 체크카드,
2025-11-08,07:41,지출,교통,대중교통,티머니 지하철,-2250,KRW,K-패스 하나 체크카드,
2025-11-07,21:23,지출,교통,철도,코레일유통주식회사/게이트뱅크(일반),-409,KRW,네이버페이 간편결제(머니),
2025-11-07,21:23,지출,교통,철도,코레일유통주식회사/게이트뱅크(일반),-91,KRW,네이버페이 간편결제(포인트),
2025-11-07,20:28,지출,교통,대중교통,티머니 지하철,-800,KRW,K-패스 하나 체크카드,
2025-11-07,19:56,지출,교통,대중교통,경기시내버스_이비,-3200,KRW,K-패스 하나 체크카드,
2025-11-07,18:39,지출,문화/여가,게임,ALIPAY CONNECT PTE. LTD,-3958,KRW,카카오페이 간편결제,
2025-11-07,14:24,지출,카페/간식,베이커리,전통찻집 코끼리베이글,-7800,KRW,네이버페이 머니 하나 체크카드,
2025-11-07,13:47,지출,식비,양식,롤링파스타 종로지점,-12700,KRW,네이버페이 간편결제(머니),
2025-11-07,08:37,지출,교통,대중교통,경기시내버스_이비,-1750,KRW,K-패스 하나 체크카드,
2025-11-07,07:39,지출,교통,대중교통,티머니 지하철,-2250,KRW,K-패스 하나 체크카드,
2025-11-07,01:50,지출,온라인쇼핑,결제/충전,페이플,-6210,KRW,네이버페이 간편결제(머니),
2025-11-07,01:50,지출,온라인쇼핑,결제/충전,페이플,-6210,KRW,네이버페이 머니,
2025-11-06,21:21,지출,교통,철도,코레일유통주식회사/게이트뱅크(일반),-500,KRW,네이버페이 간편결제(머니),
2025-11-06,20:39,지출,교통,대중교통,티머니 지하철,-800,KRW,K-패스 하나 체크카드,
2025-11-06,20:01,지출,교통,대중교통,경기시내버스_이비,-3200,KRW,K-패스 하나 체크카드,
2025-11-06,19:50,지출,생활,생필품,주식회사 아성다이소,-5000,KRW,네이버페이 간편결제(머니),
2025-11-06,18:53,지출,온라인쇼핑,결제/충전,페이플,100,KRW,네이버페이 간편결제(머니),
2025-11-06,18:53,지출,온라인쇼핑,결제/충전,페이플,-100,KRW,네이버페이 간편결제(머니),
2025-11-06,13:53,지출,금융,은행,송금 내역,-12500,KRW,카카오페이 머니,
2025-11-06,07:40,지출,교통,대중교통,티머니 지하철,-2250,KRW,K-패스 하나 체크카드,
2025-11-05,20:39,지출,교통,대중교통,티머니 지하철,-800,KRW,K-패스 하나 체크카드,
2025-11-05,20:04,지출,교통,대중교통,경기시내버스_이비,-3200,KRW,K-패스 하나 체크카드,
2025-11-05,13:51,지출,카페/간식,커피/음료,탐앤탐스 종로한올타워점,-500,KRW,네이버페이 간편결제(머니),
2025-11-05,13:25,지출,식비,패스트푸드,버거옥,-2500,KRW,네이버페이 간편결제(머니),
2025-11-05,09:13,지출,온라인쇼핑,결제/충전,나이스_결제,-2400,KRW,네이버페이 머니 하나 통장,
2025-11-05,08:34,지출,교통,대중교통,경기시내버스_이비,-1750,KRW,K-패스 하나 체크카드,
2025-11-05,08:34,지출,교통,대중교통,경기시내버스_이비,-1750,KRW,K-패스 하나 체크카드,
2025-11-05,07:40,지출,교통,대중교통,티머니 지하철,-2250,KRW,K-패스 하나 체크카드,
2025-11-04,20:28,지출,교통,대중교통,티머니 지하철,-800,KRW,K-패스 하나 체크카드,
2025-11-04,19:58,지출,생활,생필품,주식회사 아성다이소,-1481,KRW,네이버페이 간편결제(머니),
2025-11-04,19:58,지출,생활,생필품,주식회사 아성다이소,-19,KRW,네이버페이 간편결제(포인트),
2025-11-04,19:56,지출,교통,대중교통,경기시내버스_이비,-3200,KRW,K-패스 하나 체크카드,
2025-11-04,14:03,지출,카페/간식,커피/음료,메가엠지씨커피 서울탑골공원점,-3742,KRW,네이버페이 간편결제(머니),
2025-11-04,14:03,지출,카페/간식,커피/음료,메가엠지씨커피 서울탑골공원점,-58,KRW,네이버페이 간편결제(포인트),
2025-11-04,13:25,지출,온라인쇼핑,결제/충전,나이스_결제,-7000,KRW,네이버페이 머니 하나 통장,
2025-11-04,09:26,지출,온라인쇼핑,결제/충전,나이스_결제,-2200,KRW,네이버페이 머니 하나 통장,
2025-11-04,07:39,지출,교통,대중교통,티머니 지하철,-2250,KRW,K-패스 하나 체크카드,
2025-11-03,21:22,지출,교통,철도,코레일유통주식회사/게이트뱅크(일반),-500,KRW,네이버페이 간편결제(머니),
2025-11-03,13:58,지출,생활,생필품,주식회사 아성다이소,-996,KRW,네이버페이 간편결제(머니),
2025-11-03,13:58,지출,생활,생필품,주식회사 아성다이소,-4,KRW,네이버페이 간편결제(포인트),
2025-11-03,13:28,지출,금융,은행,송금 내역,-7450,KRW,카카오페이 머니,
2025-11-01,20:27,지출,교통,대중교통,티머니 지하철,-800,KRW,K-패스 하나 체크카드,
2025-11-01,19:57,지출,교통,대중교통,경기시내버스_이비,-3200,KRW,K-패스 하나 체크카드,
2025-11-01,18:58,지출,온라인쇼핑,인터넷쇼핑,ALIEXPRESS.COM,-4508,KRW,토스 간편결제,
2025-11-01,18:58,지출,생활,편의점,토스페이,-12557,KRW,토스뱅크 통장,
2025-11-01,17:01,지출,온라인쇼핑,인터넷쇼핑,Aliexpress.com,7902,KRW,국민행복,
2025-11-01,16:31,지출,온라인쇼핑,인터넷쇼핑,Aliexpress.com,-7902,KRW,국민행복,
2025-11-01,08:31,지출,교통,대중교통,경기시내버스_이비,-1750,KRW,K-패스 하나 체크카드,
2025-11-01,08:31,지출,교통,대중교통,경기시내버스_이비,-1750,KRW,K-패스 하나 체크카드,
2025-11-01,08:28,지출,교통,대중교통,경기시내버스_이비,-1750,KRW,K-패스 하나 체크카드,
2025-11-01,07:39,지출,교통,대중교통,티머니 지하철,-2250,KRW,K-패스 하나 체크카드,
2025-10-31,21:23,지출,교통,철도,코레일유통주식회사/게이트뱅크(일반),-388,KRW,네이버페이 간편결제(머니),
2025-10-31,21:23,지출,교통,철도,코레일유통주식회사/게이트뱅크(일반),-112,KRW,네이버페이 간편결제(포인트),
2025-10-31,20:27,지출,교통,대중교통,티머니 지하철,-800,KRW,K-패스 하나 체크카드,
2025-10-31,19:59,지출,교통,대중교통,경기시내버스_이비,-3200,KRW,K-패스 하나 체크카드,
2025-10-31,19:53,지출,문화/여가,도서,알라딘중고서점(종로),-19800,KRW,네이버페이 간편결제(머니),
2025-10-31,19:31,지출,문화/여가,게임,ALIPAY CONNECT PTE. LTD,-1800,KRW,카카오페이 간편결제,
2025-10-31,14:13,지출,카페/간식,커피/음료,메가엠지씨커피 종로3가역사거리점,-1072,KRW,네이버페이 간편결제(머니),
2025-10-31,14:13,지출,카페/간식,커피/음료,메가엠지씨커피 종로3가역사거리점,-128,KRW,네이버페이 간편결제(포인트),
2025-10-31,14:08,지출,식비,한식,잘빠진메밀 익선점,-24000,KRW,네이버페이 머니 하나 체크카드,
2025-10-31,11:41,지출,문화/여가,도서,알라딘커뮤니케이션,-20560,KRW,네이버페이 간편결제(머니),
2025-10-31,11:39,지출,교육/학습,학원/강의,인프런,-11000,KRW,네이버페이 간편결제(머니),
2025-10-31,07:41,지출,교통,대중교통,티머니 지하철,-2250,KRW,K-패스 하나 체크카드,
2025-10-31,00:00,지출,금융,카드,10월카드사용알림서비스이용료,0,KRW,국민행복,
2025-10-30,21:23,지출,교통,철도,한국철도공사 수도권서부본부별관,-1200,KRW,네이버페이 간편결제(머니),
2025-10-30,20:28,지출,교통,대중교통,티머니 지하철,-800,KRW,K-패스 하나 체크카드,
2025-10-30,19:58,지출,교통,대중교통,경기시내버스_이비,-3200,KRW,K-패스 하나 체크카드,
2025-10-30,09:18,지출,온라인쇼핑,결제/충전,나이스_결제,-2900,KRW,네이버페이 머니 하나 통장,
2025-10-30,07:42,지출,교통,대중교통,티머니 지하철,-2250,KRW,K-패스 하나 체크카드,
2025-10-29,20:38,지출,교통,대중교통,티머니 지하철,-800,KRW,K-패스 하나 체크카드,
2025-10-29,20:04,지출,교통,대중교통,경기시내버스_이비,-3200,KRW,K-패스 하나 체크카드,
2025-10-29,19:55,지출,생활,생필품,주식회사 아성다이소,-2000,KRW,네이버페이 간편결제(머니),
2025-10-29,14:22,지출,카페/간식,커피/음료,메가MGC커피 선물하기,-1180,KRW,네이버페이 간편결제(머니),
2025-10-29,14:22,지출,카페/간식,커피/음료,메가MGC커피 선물하기,-1180,KRW,네이버페이 머니,
2025-10-29,14:11,지출,카페/간식,커피/음료,메가엠지씨커피 서울탑골공원점,-500,KRW,네이버페이 간편결제(머니),
2025-10-29,13:38,지출,식비,패스트푸드,버거옥,-10000,KRW,네이버페이 간편결제(머니),
2025-10-29,10:03,지출,카페/간식,커피/음료,메가MGC커피 선물하기,-2510,KRW,네이버페이 간편결제(머니),
2025-10-29,10:03,지출,카페/간식,커피/음료,메가MGC커피 선물하기,-2510,KRW,네이버페이 머니,
2025-10-29,10:02,지출,카페/간식,커피/음료,메가MGC커피 선물하기,-2060,KRW,네이버페이 간편결제(머니),
2025-10-29,10:02,지출,카페/간식,커피/음료,메가MGC커피 선물하기,-2060,KRW,네이버페이 머니,
2025-10-29,10:01,지출,카페/간식,커피/음료,메가MGC커피 선물하기,-30,KRW,네이버페이 간편결제(포인트),
2025-10-29,08:34,지출,교통,대중교통,경기시내버스_이비,-1750,KRW,K-패스 하나 체크카드,
2025-10-29,07:40,지출,교통,대중교통,티머니 지하철,-2250,KRW,K-패스 하나 체크카드,
2025-10-28,21:41,지출,교통,철도,코레일유통주식회사/게이트뱅크(일반),-500,KRW,네이버페이 간편결제(머니),
2025-10-28,20:39,지출,교통,대중교통,티머니 지하철,-800,KRW,K-패스 하나 체크카드,
2025-10-28,20:34,지출,생활,편의점,씨유(CU) 판교현대점,-3200,KRW,K-패스 하나 체크카드,
2025-10-28,20:01,지출,교통,대중교통,경기시내버스_이비,-3200,KRW,K-패스 하나 체크카드,
2025-10-28,13:53,지출,금융,카드,엔에이치엔페이코 주,-2000,KRW,네이버페이 간편결제(머니),
2025-10-28,13:53,지출,금융,카드,엔에이치엔페이코 주,-2000,KRW,네이버페이 머니,
2025-10-28,13:53,지출,금융,카드,엔에이치엔페이코 주,-1000,KRW,네이버페이 간편결제(머니),
2025-10-28,13:53,지출,금융,카드,엔에이치엔페이코 주,-1000,KRW,네이버페이 머니,
2025-10-28,13:50,지출,생활,생필품,주식회사 아성다이소,-3000,KRW,네이버페이 간편결제(머니),
2025-10-28,13:32,지출,생활,편의점,(주)코리아세븐 NewWave종각점,-4450,KRW,네이버페이 머니 하나 체크카드,
2025-10-28,08:34,지출,교통,대중교통,경기시내버스_이비,-1750,KRW,K-패스 하나 체크카드,
2025-10-28,07:41,지출,교통,대중교통,티머니 지하철,-2250,KRW,K-패스 하나 체크카드,
2025-10-27,21:41,지출,교통,철도,코레일유통주식회사/게이트뱅크(일반),-500,KRW,네이버페이 간편결제(머니),
2025-10-27,19:52,지출,생활,생필품,주식회사 아성다이소,-2916,KRW,네이버페이 간편결제(머니),
2025-10-27,19:52,지출,생활,생필품,주식회사 아성다이소,-84,KRW,네이버페이 간편결제(포인트),
2025-10-27,18:25,지출,온라인쇼핑,결제/충전,나이스_결제,-2560,KRW,네이버페이 머니 하나 통장,
2025-10-27,13:34,지출,생활,편의점,(주)코리아세븐 NewWave종각점,-3300,KRW,K-패스 하나 체크카드,
2025-10-26,18:07,지출,온라인쇼핑,결제/충전,나이스_결제,-2000,KRW,네이버페이 머니 하나 통장,
2025-10-26,16:06,지출,온라인쇼핑,서비스구독,OPENAI *CHATGPT SUBSCR,-32962,KRW,네이버페이 간편결제(머니),
2025-10-26,16:06,지출,온라인쇼핑,서비스구독,OPENAI *CHATGPT SUBSCR,-32962,KRW,네이버페이 머니,
2025-10-26,15:08,지출,생활,마트,부발농업협동조합신하지점,-1830,KRW,K-패스 하나 체크카드,
2025-10-26,12:01,지출,카페/간식,커피/음료,더벤티 이천신하점,-3462,KRW,네이버페이 간편결제(머니),
2025-10-26,12:01,지출,카페/간식,커피/음료,더벤티 이천신하점,-38,KRW,네이버페이 간편결제(포인트),
2025-10-26,10:32,지출,교통,대중교통,경기시내버스_이비,-1650,KRW,K-패스 하나 체크카드,
2025-10-25,20:09,지출,카페/간식,커피/음료,메가MGC커피 이천하이닉스점,-2700,KRW,네이버페이 간편결제(머니),
2025-10-25,12:24,지출,카페/간식,아이스크림/빙수,현대 아이스크림 할인점,-700,KRW,네이버페이 간편결제(머니),
2025-10-25,11:28,지출,교통,철도,코레일유통주식회사/게이트뱅크(일반),-500,KRW,네이버페이 간편결제(머니),
2025-10-25,11:03,지출,의료/건강,피부과,닥터스피부과의원,-4700,KRW,K-패스 하나 체크카드,
2025-10-25,10:25,지출,뷰티/미용,헤어샵,문(Moon)헤어살롱,-15000,KRW,K-패스 하나 체크카드,
2025-10-25,08:34,지출,교통,대중교통,경기시내버스_이비,-1350,KRW,K-패스 하나 체크카드,
2025-10-25,08:34,지출,교통,대중교통,경기시내버스_이비,-1350,KRW,K-패스 하나 체크카드,
2025-10-25,08:31,지출,교통,대중교통,경기시내버스_이비,-1350,KRW,K-패스 하나 체크카드,
2025-10-25,07:39,지출,교통,대중교통,티머니 지하철,-2250,KRW,K-패스 하나 체크카드,
2025-10-24,13:58,지출,식비,한식,취야벌,-25000,KRW,네이버페이 머니 하나 체크카드,
2025-10-24,10:58,지출,교통,대중교통,티머니 지하철,-800,KRW,K-패스 하나 체크카드,
2025-10-24,10:30,지출,교통,대중교통,경기시내버스_이비,-2800,KRW,K-패스 하나 체크카드,
2025-10-24,07:40,지출,교통,대중교통,티머니 지하철,-2250,KRW,K-패스 하나 체크카드,
2025-10-23,20:40,지출,교통,대중교통,티머니 지하철,-800,KRW,K-패스 하나 체크카드,
2025-10-23,20:07,지출,교통,대중교통,경기시내버스_이비,-2800,KRW,K-패스 하나 체크카드,
2025-10-23,14:08,지출,카페/간식,커피/음료,더벤티 이천신하점,-3414,KRW,네이버페이 간편결제(머니),
2025-10-23,14:08,지출,카페/간식,커피/음료,더벤티 이천신하점,-86,KRW,네이버페이 간편결제(포인트),
2025-10-23,11:56,지출,교통,철도,코레일유통주식회사/게이트뱅크(일반),-500,KRW,네이버페이 간편결제(머니),
2025-10-23,07:39,지출,교통,대중교통,티머니 지하철,-2250,KRW,K-패스 하나 체크카드,
2025-10-22,20:29,지출,교통,대중교통,티머니 지하철,-800,KRW,K-패스 하나 체크카드,
2025-10-22,19:56,지출,교통,대중교통,경기시내버스_이비,-2800,KRW,K-패스 하나 체크카드,
2025-10-22,19:55,지출,생활,생필품,주식회사 아성다이소,-2430,KRW,네이버페이 간편결제(머니),
2025-10-22,19:55,지출,생활,생필품,주식회사 아성다이소,-70,KRW,네이버페이 간편결제(포인트),
2025-10-22,14:19,지출,온라인쇼핑,결제/충전,나이스_결제,-7000,KRW,네이버페이 머니 하나 통장,
2025-10-22,14:10,지출,금융,은행,송금 내역,-12500,KRW,카카오페이 머니,
2025-10-22,09:16,지출,온라인쇼핑,결제/충전,나이스_결제,-2900,KRW,네이버페이 머니 하나 통장,
2025-10-22,08:37,지출,교통,대중교통,경기시내버스_이비,-1350,KRW,K-패스 하나 체크카드,
2025-10-22,08:31,지출,교통,대중교통,경기시내버스_이비,-1350,KRW,K-패스 하나 체크카드,
2025-10-22,07:41,지출,교통,대중교통,티머니 지하철,-2250,KRW,K-패스 하나 체크카드,
2025-10-21,20:38,지출,교통,대중교통,티머니 지하철,-800,KRW,K-패스 하나 체크카드,
2025-10-21,20:04,지출,교통,대중교통,경기시내버스_이비,-2800,KRW,K-패스 하나 체크카드,
2025-10-21,14:27,지출,카페/간식,커피/음료,메가엠지씨커피 서울탑골공원점,-8300,KRW,네이버페이 머니 하나 체크카드,
2025-10-21,14:21,지출,식비,한식,이경문순대곱창,-10000,KRW,네이버페이 머니 하나 체크카드,
2025-10-21,07:41,지출,교통,대중교통,티머니 지하철,-2250,KRW,K-패스 하나 체크카드,
2025-10-20,21:41,지출,교통,철도,코레일유통주식회사/게이트뱅크(일반),-500,KRW,네이버페이 간편결제(머니),
2025-10-20,19:57,지출,생활,생필품,주식회사 아성다이소,-3000,KRW,네이버페이 간편결제(머니),
2025-10-20,16:40,지출,온라인쇼핑,결제/충전,나이스_결제,-2900,KRW,네이버페이 머니 하나 통장,
2025-10-20,13:42,지출,식비,패스트푸드,BKR버거킹종로점,-10899,KRW,네이버페이 간편결제(머니),
2025-10-20,13:42,지출,식비,패스트푸드,BKR버거킹종로점,-201,KRW,네이버페이 간편결제(포인트),
2025-10-18,21:38,지출,식비,치킨,자담치킨(SK하이닉스점),-21000,KRW,Deep On (체크),
2025-10-18,21:30,지출,온라인쇼핑,결제/충전,Alipay Plus,1893,KRW,네이버페이 간편결제(머니),
2025-10-18,21:24,지출,온라인쇼핑,결제/충전,Alipay Plus,13265,KRW,네이버페이 간편결제(머니),
2025-10-18,20:39,지출,교통,대중교통,티머니 지하철,-800,KRW,K-패스 하나 체크카드,
2025-10-18,19:55,지출,교통,대중교통,경기시내버스_이비,-2800,KRW,K-패스 하나 체크카드,
2025-10-18,19:43,지출,온라인쇼핑,결제/충전,Alipay Plus,-17445,KRW,네이버페이 간편결제(머니),
2025-10-18,18:00,지출,온라인쇼핑,결제/충전,Alipay Plus,6369,KRW,네이버페이 간편결제(머니),
2025-10-18,15:00,지출,온라인쇼핑,결제/충전,Alipay Plus,1776,KRW,네이버페이 간편결제(머니),
2025-10-18,08:37,지출,교통,대중교통,경기시내버스_이비,-1350,KRW,K-패스 하나 체크카드,
2025-10-18,08:34,지출,교통,대중교통,경기시내버스_이비,-1350,KRW,K-패스 하나 체크카드,
2025-10-18,07:39,지출,교통,대중교통,티머니 지하철,-2250,KRW,K-패스 하나 체크카드,
2025-10-17,22:41,지출,온라인쇼핑,인터넷쇼핑,쿠팡,-12600,KRW,국민행복,
2025-10-17,20:31,지출,온라인쇼핑,결제/충전,나이스_결제,-1700,KRW,네이버페이 머니 하나 통장,
2025-10-17,20:26,지출,교통,대중교통,티머니 지하철,-800,KRW,K-패스 하나 체크카드,
2025-10-17,19:55,지출,교통,대중교통,경기시내버스_이비,-2800,KRW,K-패스 하나 체크카드,
2025-10-17,16:30,지출,온라인쇼핑,결제/충전,나이스_결제,-2300,KRW,네이버페이 머니 하나 통장,
2025-10-17,14:10,지출,식비,한식,남도식객,-12000,KRW,K-패스 하나 체크카드,
2025-10-17,08:34,지출,교통,대중교통,경기시내버스_이비,-1350,KRW,K-패스 하나 체크카드,
2025-10-17,07:39,지출,교통,대중교통,티머니 지하철,-2250,KRW,K-패스 하나 체크카드,
2025-10-16,20:40,지출,교통,대중교통,티머니 지하철,-800,KRW,K-패스 하나 체크카드,
2025-10-16,20:07,지출,교통,대중교통,경기시내버스_이비,-2800,KRW,K-패스 하나 체크카드,
2025-10-16,13:33,지출,카페/간식,커피/음료,주식회사 에스씨케이컴퍼니,-800,KRW,카카오페이 간편결제,
2025-10-16,13:23,지출,온라인쇼핑,결제/충전,나이스_결제,-3400,KRW,네이버페이 머니 하나 통장,
2025-10-16,09:21,지출,온라인쇼핑,결제/충전,나이스_결제,-2600,KRW,네이버페이 머니 하나 통장,
2025-10-16,07:39,지출,교통,대중교통,티머니 지하철,-2250,KRW,K-패스 하나 체크카드,
2025-10-15,20:39,지출,교통,대중교통,티머니 지하철,-800,KRW,K-패스 하나 체크카드,
2025-10-15,20:07,지출,교통,대중교통,경기시내버스_이비,-2800,KRW,K-패스 하나 체크카드,
2025-10-15,19:51,지출,생활,편의점,(주)코리아세븐 NewWave종각점,-3300,KRW,K-패스 하나 체크카드,
2025-10-15,14:15,지출,카페/간식,커피/음료,메가엠지씨커피 종로낙원점,-3325,KRW,네이버페이 간편결제(머니),
2025-10-15,14:15,지출,카페/간식,커피/음료,메가엠지씨커피 종로낙원점,-2075,KRW,네이버페이 간편결제(포인트),
2025-10-15,09:18,지출,온라인쇼핑,결제/충전,나이스_결제,-2300,KRW,네이버페이 머니 하나 통장,
2025-10-15,08:34,지출,교통,대중교통,경기시내버스_이비,-1350,KRW,K-패스 하나 체크카드,
2025-10-15,08:31,지출,교통,대중교통,경기시내버스_이비,-1350,KRW,K-패스 하나 체크카드,
2025-10-15,08:31,지출,교통,대중교통,경기시내버스_이비,-1350,KRW,K-패스 하나 체크카드,
2025-10-15,08:28,지출,교통,대중교통,경기시내버스_이비,-1350,KRW,K-패스 하나 체크카드,
2025-10-15,07:39,지출,교통,대중교통,티머니 지하철,-2250,KRW,K-패스 하나 체크카드,
2025-10-14,20:38,지출,교통,대중교통,티머니 지하철,-800,KRW,K-패스 하나 체크카드,
2025-10-14,20:02,지출,교통,대중교통,경기시내버스_이비,-2800,KRW,K-패스 하나 체크카드,
2025-10-14,19:54,지출,생활,생필품,주식회사 아성다이소,-1990,KRW,네이버페이 간편결제(머니),
2025-10-14,19:54,지출,생활,생필품,주식회사 아성다이소,-10,KRW,네이버페이 간편결제(포인트),
2025-10-14,13:59,지출,식비,한식,무궁화,-12000,KRW,K-패스 하나 체크카드,
2025-10-14,08:40,지출,교통,대중교통,경기시내버스_이비,-1350,KRW,K-패스 하나 체크카드,
2025-10-14,07:40,지출,교통,대중교통,티머니 지하철,-2250,KRW,K-패스 하나 체크카드,
2025-10-13,21:46,지출,교통,철도,코레일유통주식회사/게이트뱅크(일반),-500,KRW,네이버페이 간편결제(머니),
2025-10-13,13:31,지출,카페/간식,커피/음료,메가엠지씨커피 서울탑골공원점,-2900,KRW,네이버페이 간편결제(머니),
2025-10-13,13:24,지출,온라인쇼핑,결제/충전,나이스_결제,-3400,KRW,네이버페이 머니 하나 통장,
2025-10-13,12:22,지출,문화/여가,게임,에드몰,-84,KRW,네이버페이 간편결제(포인트),
2025-10-13,12:22,지출,문화/여가,게임,에드몰,-20216,KRW,네이버페이 간편결제,
2025-10-13,09:32,지출,카페/간식,커피/음료,더리터 직영종로점,-3800,KRW,네이버페이 간편결제(머니),
2025-10-13,04:47,지출,금융,카드,하나카드_체크,-153550,KRW,네이버페이 머니 하나 통장,
2025-10-11,17:20,지출,온라인쇼핑,결제/충전,Alipay Plus,-14551,KRW,네이버페이 간편결제(머니),
2025-10-10,11:40,지출,온라인쇼핑,결제/충전,(주)KG이니시스,-25096,KRW,네이버페이 간편결제(머니),
2025-10-10,11:40,지출,온라인쇼핑,결제/충전,(주)KG이니시스,-25096,KRW,네이버페이 머니,
2025-10-10,10:19,지출,온라인쇼핑,인터넷쇼핑,삼성10-003건,-22287,KRW,네이버페이 머니 하나 통장,
2025-10-10,06:13,지출,주거/통신,휴대폰,LG  U+통신요금  자동이체,-990,KRW,국민행복,
2025-10-09,22:00,지출,의료/건강,약국,GS25엘리프아성점,-2000,KRW,네이버페이 간편결제(머니),
2025-10-09,20:58,지출,생활,생필품,주식회사 아성다이소,-6000,KRW,네이버페이 간편결제(머니),
2025-10-09,17:11,지출,온라인쇼핑,결제/충전,토스페이먼츠 주식회사,-13800,KRW,카카오페이 간편결제,
2025-10-09,13:57,지출,카페/간식,아이스크림/빙수,현대 아이스크림 할인점,-1182,KRW,네이버페이 간편결제(머니),
2025-10-09,13:57,지출,카페/간식,아이스크림/빙수,현대 아이스크림 할인점,-118,KRW,네이버페이 간편결제(포인트),
2025-10-08,21:27,지출,카페/간식,커피/음료,메가MGC커피 이천하이닉스점,-6800,KRW,네이버페이 간편결제(머니),
2025-10-08,14:18,지출,카페/간식,아이스크림/빙수,현대 아이스크림 할인점,-604,KRW,네이버페이 간편결제(머니),
2025-10-08,14:18,지출,카페/간식,아이스크림/빙수,현대 아이스크림 할인점,-296,KRW,네이버페이 간편결제(포인트),
2025-10-07,14:58,지출,온라인쇼핑,인터넷쇼핑,Temu.com,-4313,KRW,국민행복,
2025-10-06,19:05,지출,교통,대중교통,티머니 지하철,-1550,KRW,K-패스 하나 체크카드,
2025-10-06,18:12,지출,교통,대중교통,티머니 지하철,-1550,KRW,K-패스 하나 체크카드,
2025-10-06,15:32,지출,교통,대중교통,티머니 지하철,-2250,KRW,K-패스 하나 체크카드,
2025-10-05,19:38,지출,카페/간식,커피/음료,스타벅스코리아,-11800,KRW,K-패스 하나 체크카드,
2025-10-05,18:01,지출,패션/쇼핑,백화점,(주)뉴코아아울렛  야탑점,-23800,KRW,K-패스 하나 체크카드,
2025-10-05,13:54,지출,교통,철도,한국철도공사,-16800,KRW,네이버페이 간편결제(머니),
2025-10-05,00:00,지출,온라인쇼핑,서비스구독,WHALECOTECHN,7825,KRW,국민행복,
2025-10-04,23:33,지출,온라인쇼핑,결제/충전,Alipay Plus,-14457,KRW,네이버페이 간편결제(머니),
2025-10-04,16:39,지출,생활,편의점,GS25이천신하점,-1000,KRW,K-패스 하나 체크카드,
2025-10-04,15:45,지출,온라인쇼핑,인터넷쇼핑,Temu.com,-7825,KRW,국민행복,
2025-10-04,10:29,지출,카페/간식,커피/음료,더벤티 이천신하점,-3500,KRW,네이버페이 간편결제(머니),
2025-10-03,19:22,지출,교통,대중교통,티머니 지하철,-800,KRW,K-패스 하나 체크카드,
2025-10-03,18:45,지출,교통,대중교통,경기시내버스_이비,-2800,KRW,K-패스 하나 체크카드,
2025-10-03,07:39,지출,교통,대중교통,티머니 지하철,-2250,KRW,K-패스 하나 체크카드,
2025-10-02,22:38,지출,교통,대중교통,티머니 지하철,-800,KRW,K-패스 하나 체크카드,
2025-10-02,21:54,지출,교통,대중교통,경기시내버스_이비,-2800,KRW,K-패스 하나 체크카드,
2025-10-02,20:25,지출,교통,철도,코레일유통주식회사/게이트뱅크(일반),-500,KRW,네이버페이 간편결제(머니),
2025-10-02,18:29,지출,생활,생필품,주식회사 아성다이소,-2000,KRW,네이버페이 간편결제(머니),
2025-10-02,14:06,지출,카페/간식,커피/음료,메가엠지씨커피 서울탑골공원점,-3400,KRW,네이버페이 간편결제(머니),
2025-10-02,14:02,지출,문화/여가,도서,(주)캡슐스토리,-5000,KRW,K-패스 하나 체크카드,
2025-10-02,13:51,지출,식비,한식,이문설렁탕,-28000,KRW,K-패스 하나 체크카드,
2025-10-02,09:05,지출,온라인쇼핑,결제/충전,나이스_결제,-2600,KRW,네이버페이 머니 하나 통장,
2025-10-02,07:39,지출,교통,대중교통,티머니 지하철,-2250,KRW,K-패스 하나 체크카드,
2025-10-01,20:42,지출,교통,대중교통,티머니 지하철,-800,KRW,K-패스 하나 체크카드,
2025-10-01,20:10,지출,교통,대중교통,경기시내버스_이비,-2800,KRW,K-패스 하나 체크카드,
2025-10-01,20:00,지출,금융,은행,송금 내역,-18675,KRW,카카오페이 머니,
2025-10-01,15:41,지출,온라인쇼핑,인터넷쇼핑,토스페이먼츠 주식회사,-3740,KRW,카카오페이 간편결제,
2025-10-01,13:32,지출,여행/숙박,여행용품,파작(PAZAC),-11800,KRW,네이버페이 간편결제(머니),
2025-10-01,07:39,지출,교통,대중교통,티머니 지하철,-2250,KRW,K-패스 하나 체크카드,
2025-09-30,20:28,지출,교통,대중교통,티머니 지하철,-800,KRW,K-패스 하나 체크카드,
2025-09-30,19:56,지출,교통,대중교통,경기시내버스_이비,-2800,KRW,K-패스 하나 체크카드,
2025-09-30,14:03,지출,카페/간식,커피/음료,메가엠지씨커피 서울탑골공원점,-4884,KRW,네이버페이 간편결제(머니),
2025-09-30,14:03,지출,카페/간식,커피/음료,메가엠지씨커피 서울탑골공원점,-16,KRW,네이버페이 간편결제(포인트),
2025-09-30,14:00,지출,식비,한식,무궁화,-23000,KRW,K-패스 하나 체크카드,
2025-09-30,09:16,지출,온라인쇼핑,결제/충전,나이스_결제,-2800,KRW,네이버페이 머니 하나 통장,
2025-09-30,08:37,지출,교통,대중교통,경기시내버스_이비,-1350,KRW,K-패스 하나 체크카드,
2025-09-30,08:34,지출,교통,대중교통,경기시내버스_이비,-1350,KRW,K-패스 하나 체크카드,
2025-09-30,07:41,지출,교통,대중교통,티머니 지하철,-2250,KRW,K-패스 하나 체크카드,
2025-09-30,00:00,지출,금융,카드,09월카드사용알림서비스이용료,0,KRW,국민행복,
2025-09-29,19:53,지출,생활,생필품,주식회사 아성다이소,-1000,KRW,네이버페이 머니 하나 통장,
2025-09-29,19:46,지출,생활,편의점,씨유(CU)인사동이브점,-3200,KRW,K-패스 하나 체크카드,
2025-09-29,15:40,지출,온라인쇼핑,인터넷쇼핑,인터넷상거래_TOSS,-10000,KRW,네이버페이 머니 하나 체크카드,
2025-09-29,13:54,지출,금융,은행,송금 내역,-14000,KRW,카카오페이 머니,
2025-09-28,20:18,지출,교통,대중교통,티머니 버스,-3000,KRW,K-패스 하나 체크카드,
2025-09-28,15:42,지출,교통,대중교통,티머니 버스,-1550,KRW,K-패스 하나 체크카드,
2025-09-28,14:33,지출,교통,대중교통,티머니 지하철,-2250,KRW,K-패스 하나 체크카드,
2025-09-27,20:48,지출,교통,철도,한국철도공사,-8400,KRW,네이버페이 간편결제(머니),
2025-09-27,20:47,지출,교통,철도,한국철도공사,-8400,KRW,네이버페이 간편결제(머니),
2025-09-27,20:27,지출,교통,대중교통,티머니 지하철,-800,KRW,K-패스 하나 체크카드,
2025-09-27,19:52,지출,교통,대중교통,경기시내버스_이비,-2800,KRW,K-패스 하나 체크카드,
2025-09-27,18:45,지출,식비,한식,취야벌,-24000,KRW,네이버페이 간편결제(머니),
2025-09-27,18:45,지출,식비,한식,취야벌,-24000,KRW,네이버페이 머니,
2025-09-27,17:47,지출,카페/간식,커피/음료,57번가카페,-12000,KRW,네이버페이 간편결제(머니),
2025-09-27,10:28,지출,카페/간식,아이스크림/빙수,현대 아이스크림 할인점,-1300,KRW,네이버페이 간편결제(머니),
2025-09-27,10:26,지출,뷰티/미용,헤어샵,문(Moon)헤어살롱,-15000,KRW,국민내일배움 FANtastic S 체크,
2025-09-27,08:34,지출,교통,대중교통,경기시내버스_이비,-1350,KRW,K-패스 하나 체크카드,
2025-09-27,07:39,지출,교통,대중교통,티머니 지하철,-2250,KRW,K-패스 하나 체크카드,
2025-09-26,23:29,지출,문화/여가,도서,시리즈,-2400,KRW,네이버페이 간편결제,
2025-09-26,23:29,지출,온라인쇼핑,서비스구독,Google,-2400,KRW,네이버페이 간편결제(머니),
2025-09-26,19:47,지출,생활,생필품,주식회사 아성다이소,-2970,KRW,네이버페이 간편결제(머니),
2025-09-26,19:47,지출,생활,생필품,주식회사 아성다이소,-30,KRW,네이버페이 간편결제(포인트),
2025-09-26,19:40,지출,교통,대중교통,티머니 지하철,-800,KRW,K-패스 하나 체크카드,
2025-09-26,18:46,지출,교통,대중교통,경기시내버스_이비,-2800,KRW,K-패스 하나 체크카드,
2025-09-26,16:07,지출,온라인쇼핑,서비스구독,OPENAI *CHATGPT SUBSCR,-32343,KRW,네이버페이 간편결제(머니),
2025-09-26,16:07,지출,온라인쇼핑,서비스구독,OPENAI *CHATGPT SUBSCR,-32343,KRW,네이버페이 머니,
2025-09-26,14:12,지출,카페/간식,커피/음료,메가엠지씨커피 서울탑골공원점,-8300,KRW,네이버페이 간편결제(머니),
2025-09-26,14:03,지출,식비,한식,인사동감자탕,-24000,KRW,K-패스 하나 체크카드,
2025-09-26,09:29,지출,온라인쇼핑,결제/충전,나이스_결제,-2600,KRW,네이버페이 머니 하나 통장,
2025-09-26,08:34,지출,교통,대중교통,경기시내버스_이비,-1350,KRW,K-패스 하나 체크카드,
2025-09-26,07:39,지출,교통,대중교통,티머니 지하철,-2250,KRW,K-패스 하나 체크카드,
2025-09-25,20:40,지출,교통,대중교통,티머니 지하철,-800,KRW,K-패스 하나 체크카드,
2025-09-25,20:00,지출,교통,대중교통,경기시내버스_이비,-2800,KRW,K-패스 하나 체크카드,
2025-09-25,19:42,지출,생활,생활서비스,코레일유통주식회사,-500,KRW,K-패스 하나 체크카드,
2025-09-25,13:53,지출,금융,은행,송금 내역,-14000,KRW,카카오페이 머니,
2025-09-25,10:24,지출,온라인쇼핑,결제/충전,나이스_결제,-1800,KRW,네이버페이 머니 하나 통장,
2025-09-25,08:40,지출,교통,대중교통,경기시내버스_이비,-1350,KRW,K-패스 하나 체크카드,
2025-09-25,07:40,지출,교통,대중교통,티머니 지하철,-2250,KRW,K-패스 하나 체크카드,
2025-09-24,23:27,지출,온라인쇼핑,서비스구독,ALIPAY CONNECT PTE. LTD,-1635,KRW,카카오페이 간편결제,
2025-09-24,21:43,지출,생활,생활서비스,코레일유통주식회사,-500,KRW,K-패스 하나 체크카드,
2025-09-24,20:38,지출,교통,대중교통,티머니 지하철,-800,KRW,K-패스 하나 체크카드,
2025-09-24,20:04,지출,교통,대중교통,경기시내버스_이비,-2800,KRW,K-패스 하나 체크카드,
2025-09-24,14:15,지출,카페/간식,커피/음료,메가MGC커피 종각역점,-4900,KRW,네이버페이 간편결제(머니),
2025-09-24,14:11,지출,식비,일식,카쯔야 종로점,-15998,KRW,네이버페이 간편결제(머니),
2025-09-24,14:11,지출,식비,일식,카쯔야 종로점,-2,KRW,네이버페이 간편결제(포인트),
2025-09-24,13:26,지출,생활,생필품,주식회사 아성다이소,-5000,KRW,네이버페이 간편결제(머니),
2025-09-24,07:39,지출,교통,대중교통,티머니 지하철,-2250,KRW,K-패스 하나 체크카드,
2025-09-23,20:43,지출,교통,대중교통,티머니 지하철,-800,KRW,K-패스 하나 체크카드,
2025-09-23,20:09,지출,교통,대중교통,경기시내버스_이비,-2800,KRW,K-패스 하나 체크카드,
2025-09-23,13:51,지출,카페/간식,커피/음료,메가엠지씨커피 종로낙원점,-6800,KRW,네이버페이 간편결제(머니),
2025-09-23,13:47,지출,금융,은행,송금 내역,-9000,KRW,카카오페이 머니,
2025-09-23,09:22,지출,온라인쇼핑,결제/충전,나이스_결제,-2300,KRW,네이버페이 머니 하나 통장,
2025-09-23,08:37,지출,교통,대중교통,경기시내버스_이비,-1350,KRW,K-패스 하나 체크카드,
2025-09-23,07:39,지출,교통,대중교통,티머니 지하철,-2250,KRW,K-패스 하나 체크카드,
2025-09-22,19:57,지출,생활,생필품,주식회사 아성다이소,-3000,KRW,네이버페이 간편결제(머니),
2025-09-22,13:46,지출,식비,고기,쇠고집,-20000,KRW,K-패스 하나 체크카드,
2025-09-22,09:25,지출,온라인쇼핑,결제/충전,나이스_결제,-3500,KRW,네이버페이 머니 하나 통장,
2025-09-21,17:14,지출,생활,편의점,GS25 이천신하점,-1873,KRW,네이버페이 간편결제(머니),
2025-09-21,17:14,지출,생활,편의점,GS25 이천신하점,-127,KRW,네이버페이 간편결제(포인트),
2025-09-21,15:39,지출,카페/간식,커피/음료,더벤티 이천신하점,-3500,KRW,네이버페이 간편결제(머니),
2025-09-21,11:13,지출,교통,대중교통,경기시내버스_이비,-1450,KRW,K-패스 하나 체크카드,
2025-09-21,10:38,지출,카페/간식,커피/음료,더벤티 이천신하점,-3304,KRW,네이버페이 간편결제(머니),
2025-09-21,10:38,지출,카페/간식,커피/음료,더벤티 이천신하점,-196,KRW,네이버페이 간편결제(포인트),
2025-09-21,09:48,지출,교통,대중교통,경기시내버스_이비,-1450,KRW,K-패스 하나 체크카드,
2025-09-20,20:46,지출,교통,대중교통,티머니 지하철,-800,KRW,K-패스 하나 체크카드,
2025-09-20,20:11,지출,교통,대중교통,경기시내버스_이비,-2800,KRW,K-패스 하나 체크카드,
2025-09-20,11:27,지출,생활,편의점,코레일유통(주)경기본부,-900,KRW,K-패스 하나 체크카드,
2025-09-20,11:01,지출,의료/건강,피부과,닥터스피부과의원,-9200,KRW,K-패스 하나 체크카드,
2025-09-20,10:52,지출,교통,대중교통,경기시내버스_이비,-1350,KRW,K-패스 하나 체크카드,
2025-09-20,09:55,지출,교통,대중교통,티머니 지하철,-2250,KRW,K-패스 하나 체크카드,
2025-09-20,09:46,지출,카페/간식,베이커리,빵집오빠 이천하이닉스점,-1000,KRW,네이버페이 간편결제(머니),
2025-09-19,20:44,지출,교통,대중교통,티머니 지하철,-800,KRW,K-패스 하나 체크카드,
2025-09-19,20:12,지출,교통,대중교통,경기시내버스_이비,-2800,KRW,K-패스 하나 체크카드,
2025-09-19,15:16,지출,온라인쇼핑,인터넷쇼핑,하이마트 쇼핑몰,-9854,KRW,네이버페이 간편결제(머니),
2025-09-19,15:16,지출,온라인쇼핑,인터넷쇼핑,하이마트 쇼핑몰,-46,KRW,네이버페이 간편결제(포인트),
2025-09-19,11:29,지출,온라인쇼핑,결제/충전,나이스_결제,-1400,KRW,네이버페이 머니 하나 통장,
2025-09-19,10:52,지출,교통,대중교통,경기시내버스_이비,-1350,KRW,K-패스 하나 체크카드,
2025-09-19,09:54,지출,교통,대중교통,티머니 지하철,-2250,KRW,K-패스 하나 체크카드,
2025-09-18,21:42,지출,교통,철도,코레일유통주식회사/게이트뱅크(일반),-500,KRW,네이버페이 간편결제(머니),
2025-09-18,20:32,지출,교통,대중교통,티머니 지하철,-800,KRW,K-패스 하나 체크카드,
2025-09-18,20:01,지출,문화/여가,도서,알라딘 중고서점 종로점,-15498,KRW,네이버페이 간편결제(머니),
2025-09-18,20:01,지출,문화/여가,도서,알라딘 중고서점 종로점,-2,KRW,네이버페이 간편결제(포인트),
2025-09-18,20:01,지출,교통,대중교통,경기시내버스_이비,-2800,KRW,K-패스 하나 체크카드,
2025-09-18,13:50,지출,식비,한식,종로수정식당,-22000,KRW,K-패스 하나 체크카드,
2025-09-18,10:56,지출,교통,대중교통,경기시내버스_이비,-1350,KRW,K-패스 하나 체크카드,
2025-09-18,09:54,지출,교통,대중교통,티머니 지하철,-800,KRW,K-패스 하나 체크카드,
2025-09-18,09:45,지출,교통,대중교통,경기시내버스_이비,-1450,KRW,K-패스 하나 체크카드,
2025-09-17,22:41,지출,온라인쇼핑,인터넷쇼핑,쿠팡,-12600,KRW,국민행복,
2025-09-17,21:25,지출,교통,철도,코레일유통주식회사/게이트뱅크(일반),-44,KRW,네이버페이 간편결제(머니),
2025-09-17,21:25,지출,교통,철도,코레일유통주식회사/게이트뱅크(일반),-456,KRW,네이버페이 간편결제(포인트),
2025-09-17,20:39,지출,교통,대중교통,티머니 지하철,-800,KRW,K-패스 하나 체크카드,
2025-09-17,20:03,지출,교통,대중교통,경기시내버스_이비,-2800,KRW,K-패스 하나 체크카드,
2025-09-17,12:19,지출,온라인쇼핑,인터넷쇼핑,G마켓,-2800,KRW,국민행복,
2025-09-17,11:11,지출,교통,대중교통,경기시내버스_이비,-1350,KRW,K-패스 하나 체크카드,
2025-09-17,10:07,지출,교통,대중교통,티머니 지하철,-800,KRW,K-패스 하나 체크카드,
2025-09-17,09:59,지출,교통,대중교통,경기시내버스_이비,-1450,KRW,K-패스 하나 체크카드,
2025-09-16,20:10,지출,교통,대중교통,경기시내버스_이비,-2800,KRW,K-패스 하나 체크카드,
2025-09-16,19:57,지출,생활,생필품,주식회사 아성다이소,-2000,KRW,네이버페이 간편결제(머니),
2025-09-16,14:05,지출,금융,은행,송금 내역,-12000,KRW,카카오페이 머니,
2025-09-16,10:53,지출,교통,대중교통,경기시내버스_이비,-1350,KRW,K-패스 하나 체크카드,
2025-09-16,09:58,지출,교통,대중교통,티머니 지하철,-800,KRW,K-패스 하나 체크카드,
2025-09-16,09:52,지출,카페/간식,베이커리,빵집오빠 이천하이닉스점,-1000,KRW,네이버페이 간편결제(머니),
2025-09-16,09:50,지출,교통,대중교통,경기시내버스_이비,-1450,KRW,K-패스 하나 체크카드,
2025-09-15,21:28,지출,교통,철도,코레일유통주식회사/게이트뱅크(일반),-500,KRW,네이버페이 간편결제(머니),
2025-09-15,20:48,지출,생활,편의점,지에스25 S판교역점,-1500,KRW,K-패스 하나 체크카드,
2025-09-15,19:56,지출,교통,철도,철도승차권  발매,-8400,KRW,K-패스 하나 체크카드,
2025-09-15,19:56,지출,교통,철도,한국철도공사,8000,KRW,네이버페이 간편결제(머니),
2025-09-15,19:54,지출,교통,철도,한국철도공사,-8400,KRW,네이버페이 간편결제(머니),
2025-09-15,13:32,지출,식비,패스트푸드,버거옥,-10093,KRW,네이버페이 간편결제(머니),
2025-09-15,13:32,지출,식비,패스트푸드,버거옥,-4807,KRW,네이버페이 간편결제(포인트),
2025-09-15,09:40,지출,의료/건강,정형외과,우리들정형외과,-2000,KRW,K-패스 하나 체크카드,
2025-09-15,04:46,지출,금융,카드,하나카드_체크,-165500,KRW,네이버페이 머니 하나 통장,
2025-09-12,15:01,지출,카페/간식,커피/음료,메가MGC커피 이천하이닉스점,-3900,KRW,네이버페이 간편결제(머니),
2025-09-12,14:25,지출,의료/건강,정형외과,우리들정형외과,-2000,KRW,K-패스 하나 체크카드,
2025-09-12,08:37,지출,교통,대중교통,경기시내버스_이비,-1350,KRW,K-패스 하나 체크카드,
2025-09-12,08:31,지출,교통,대중교통,경기시내버스_이비,-1350,KRW,K-패스 하나 체크카드,
2025-09-12,08:31,지출,교통,대중교통,경기시내버스_이비,-1350,KRW,K-패스 하나 체크카드,
2025-09-12,08:31,지출,교통,대중교통,경기시내버스_이비,-1350,KRW,K-패스 하나 체크카드,
2025-09-11,15:21,지출,의료/건강,약국,아리랑약국,-13520,KRW,K-패스 하나 체크카드,
2025-09-11,14:42,지출,의료/건강,정형외과,우리들정형외과,-10000,KRW,K-패스 하나 체크카드,
2025-09-11,14:01,지출,온라인쇼핑,인터넷쇼핑,알리익스프레스_TOSS,11859,KRW,K-패스 하나 체크카드,
2025-09-11,13:52,지출,온라인쇼핑,인터넷쇼핑,알리익스프레스_TOSS,-11859,KRW,K-패스 하나 체크카드,
2025-09-11,07:39,지출,교통,대중교통,티머니 지하철,-2250,KRW,K-패스 하나 체크카드,
2025-09-10,20:38,지출,교통,대중교통,티머니 지하철,-800,KRW,K-패스 하나 체크카드,
2025-09-10,20:07,지출,교통,대중교통,경기시내버스_이비,-2800,KRW,K-패스 하나 체크카드,
2025-09-10,19:59,지출,생활,생필품,주식회사 아성다이소,-2996,KRW,네이버페이 간편결제(머니),
2025-09-10,19:59,지출,생활,생필품,주식회사 아성다이소,-4,KRW,네이버페이 간편결제(포인트),
2025-09-10,13:51,지출,카페/간식,커피/음료,메가엠지씨커피 서울탑골공원점,-4800,KRW,네이버페이 간편결제(머니),
2025-09-10,13:48,지출,식비,한식,순천식당,-20000,KRW,K-패스 하나 체크카드,
2025-09-10,10:11,지출,온라인쇼핑,인터넷쇼핑,삼성09-003건,-22287,KRW,네이버페이 머니 하나 통장,
2025-09-10,09:13,지출,온라인쇼핑,결제/충전,나이스_결제,-2900,KRW,네이버페이 머니 하나 통장,
2025-09-10,07:37,지출,교통,대중교통,티머니 지하철,-2250,KRW,K-패스 하나 체크카드,
2025-09-09,20:30,지출,교통,대중교통,티머니 지하철,-800,KRW,K-패스 하나 체크카드,
2025-09-09,20:01,지출,생활,생필품,주식회사 아성다이소,-2500,KRW,네이버페이 간편결제(머니),
2025-09-09,19:54,지출,교통,대중교통,경기시내버스_이비,-2800,KRW,K-패스 하나 체크카드,
2025-09-09,13:53,지출,식비,일식,익선돈까스,-22000,KRW,K-패스 하나 체크카드,
2025-09-09,07:37,지출,교통,대중교통,티머니 지하철,-2250,KRW,K-패스 하나 체크카드,
2025-09-08,19:51,지출,생활,생필품,주식회사 아성다이소,-2498,KRW,네이버페이 간편결제(머니),
2025-09-08,19:51,지출,생활,생필품,주식회사 아성다이소,-2,KRW,네이버페이 간편결제(포인트),
2025-09-08,13:39,지출,금융,은행,송금 내역,-12000,KRW,카카오페이 머니,
2025-09-08,11:15,지출,온라인쇼핑,결제/충전,나이스_결제,-2200,KRW,네이버페이 머니 하나 통장,
2025-09-08,07:37,지출,교통,철도,한국철도공사 수도권서부본부별관,-1200,KRW,네이버페이 간편결제(머니),
2025-09-07,18:00,지출,교통,대중교통,경기시내버스_이비,-1450,KRW,K-패스 하나 체크카드,
2025-09-07,17:05,지출,식비,한식,원주(부산방향)휴게소 KIS정보통신,-7000,KRW,K-패스 하나 체크카드,
2025-09-07,12:27,지출,교통,대중교통,경기시내버스_이비,-1450,KRW,K-패스 하나 체크카드,
2025-09-06,21:05,지출,교통,대중교통,티머니 지하철,-800,KRW,K-패스 하나 체크카드,
2025-09-06,20:00,지출,교통,대중교통,경기시내버스_이비,-2800,KRW,K-패스 하나 체크카드,
2025-09-06,16:25,지출,생활,마트,부발농업협동조합신하지점,-1950,KRW,K-패스 하나 체크카드,
2025-09-06,12:42,지출,카페/간식,커피/음료,더벤티 이천신하점,-3500,KRW,Deep On (체크),
2025-09-06,10:25,지출,카페/간식,아이스크림/빙수,현대 아이스크림 할인점,-600,KRW,네이버페이 머니 하나 체크카드,
2025-09-06,10:24,지출,뷰티/미용,헤어샵,문(Moon)헤어살롱,-15000,KRW,네이버페이 머니 하나 체크카드,
2025-09-06,07:37,지출,교통,대중교통,티머니 지하철,-2250,KRW,K-패스 하나 체크카드,
2025-09-05,20:38,지출,교통,대중교통,티머니 지하철,-800,KRW,K-패스 하나 체크카드,
2025-09-05,20:01,지출,교통,대중교통,경기시내버스_이비,-2800,KRW,K-패스 하나 체크카드,
2025-09-05,19:53,지출,문화/여가,도서,알라딘중고서점(종로)-문화비,-8500,KRW,K-패스 하나 체크카드,
2025-09-05,14:07,지출,카페/간식,커피/음료,메가엠지씨커피 종로낙원점,-9800,KRW,네이버페이 간편결제(머니),
2025-09-05,09:50,지출,금융,은행,네이버파이낸셜,-3790,KRW,네이버페이 머니 하나 통장,
2025-09-05,09:50,지출,온라인쇼핑,결제/충전,(주)KG이니시스,-3790,KRW,네이버페이 간편결제(머니),
2025-09-05,08:49,지출,교통,대중교통,경기시내버스_이비,-1350,KRW,K-패스 하나 체크카드,
2025-09-05,08:37,지출,교통,대중교통,경기시내버스_이비,-1350,KRW,K-패스 하나 체크카드,
2025-09-05,08:34,지출,교통,대중교통,경기시내버스_이비,-1350,KRW,K-패스 하나 체크카드,
2025-09-05,08:34,지출,교통,대중교통,경기시내버스_이비,-1350,KRW,K-패스 하나 체크카드,
2025-09-05,08:31,지출,교통,대중교통,경기시내버스_이비,-1350,KRW,K-패스 하나 체크카드,
2025-09-05,08:28,지출,교통,대중교통,경기시내버스_이비,-1350,KRW,K-패스 하나 체크카드,
2025-09-05,07:39,지출,교통,대중교통,티머니 지하철,-2250,KRW,K-패스 하나 체크카드,
2025-09-04,20:30,지출,교통,대중교통,티머니 지하철,-800,KRW,K-패스 하나 체크카드,
2025-09-04,19:59,지출,교통,대중교통,경기시내버스_이비,-2800,KRW,K-패스 하나 체크카드,
2025-09-04,14:01,지출,식비,한식,성가백암순대,-22000,KRW,K-패스 하나 체크카드,
2025-09-04,07:38,지출,교통,대중교통,티머니 지하철,-2250,KRW,K-패스 하나 체크카드,
2025-09-03,20:42,지출,교통,대중교통,티머니 지하철,-800,KRW,K-패스 하나 체크카드,
2025-09-03,20:12,지출,교통,대중교통,경기시내버스_이비,-2800,KRW,K-패스 하나 체크카드,
2025-09-03,20:09,지출,교통,대중교통,경기시내버스_이비,-2800,KRW,K-패스 하나 체크카드,
2025-09-03,19:54,지출,생활,생필품,주식회사 아성다이소,-2000,KRW,네이버페이 간편결제(머니),
2025-09-03,13:55,지출,카페/간식,커피/음료,메가엠지씨커피 서울탑골공원점,-3693,KRW,네이버페이 간편결제(머니),
2025-09-03,13:55,지출,카페/간식,커피/음료,메가엠지씨커피 서울탑골공원점,-207,KRW,네이버페이 간편결제(포인트),
2025-09-03,09:15,지출,온라인쇼핑,결제/충전,나이스_결제,-2600,KRW,네이버페이 머니 하나 통장,
2025-09-03,07:39,지출,교통,대중교통,티머니 지하철,-2250,KRW,K-패스 하나 체크카드,
2025-09-02,21:55,지출,생활,편의점,씨유(CU) 이천현대7차점,-1200,KRW,K-패스 하나 체크카드,
2025-09-02,20:42,지출,교통,대중교통,티머니 지하철,-800,KRW,K-패스 하나 체크카드,
2025-09-02,13:48,지출,식비,한식,종로곱육개장,-22000,KRW,네이버페이 간편결제(머니),
2025-09-02,09:13,지출,온라인쇼핑,결제/충전,나이스_결제,-2500,KRW,네이버페이 머니 하나 통장,
2025-09-02,07:39,지출,교통,대중교통,티머니 지하철,-2250,KRW,K-패스 하나 체크카드,
2025-09-01,21:42,지출,교통,철도,코레일유통주식회사/게이트뱅크(일반),-500,KRW,네이버페이 간편결제(머니),
2025-09-01,17:15,지출,교통,대중교통,경기시내버스_이비,-1450,KRW,K-패스 하나 체크카드,
2025-09-01,16:53,지출,온라인쇼핑,서비스구독,ALIPAY CONNECT PTE. LTD,-3766,KRW,카카오페이 간편결제,
2025-09-01,13:49,지출,카페/간식,커피/음료,메가엠지씨커피 서울탑골공원점,-6800,KRW,네이버페이 간편결제(머니),
2025-09-01,13:26,지출,식비,뷔페,미락한식뷔페,-10000,KRW,K-패스 하나 체크카드,
2025-08-31,21:17,지출,카페/간식,아이스크림/빙수,현대 아이스크림 할인점,-7800,KRW,국민내일배움 FANtastic S 체크,
2025-08-31,12:55,지출,문화/여가,게임,PAYPAL *EPIC GAMES,-15973,KRW,네이버페이 간편결제(머니),
2025-08-31,12:55,지출,문화/여가,게임,PAYPAL *EPIC GAMES,-15973,KRW,네이버페이 머니,
2025-08-31,11:24,지출,카페/간식,커피/음료,더벤티 이천신하점,-3500,KRW,K-패스 하나 체크카드,
2025-08-31,00:00,지출,금융,카드,08월카드사용알림서비스이용료,0,KRW,국민행복,
2025-08-30,20:45,지출,교통,대중교통,티머니 지하철,-800,KRW,K-패스 하나 체크카드,
2025-08-30,20:08,지출,교통,대중교통,경기시내버스_이비,-2800,KRW,K-패스 하나 체크카드,
2025-08-30,07:39,지출,교통,대중교통,티머니 지하철,-2250,KRW,K-패스 하나 체크카드,
2025-08-29,20:32,지출,교통,대중교통,티머니 지하철,-800,KRW,K-패스 하나 체크카드,
2025-08-29,20:01,지출,교통,대중교통,경기시내버스_이비,-2800,KRW,K-패스 하나 체크카드,
2025-08-29,19:58,지출,생활,생필품,주식회사 아성다이소,-1982,KRW,네이버페이 간편결제(머니),
2025-08-29,19:58,지출,생활,생필품,주식회사 아성다이소,-18,KRW,네이버페이 간편결제(포인트),
2025-08-29,14:05,지출,카페/간식,커피/음료,메가MGC커피 종각역점,-6834,KRW,네이버페이 간편결제(머니),
2025-08-29,14:05,지출,카페/간식,커피/음료,메가MGC커피 종각역점,-566,KRW,네이버페이 간편결제(포인트),
2025-08-29,13:50,지출,금융,은행,송금 내역,-12000,KRW,카카오페이 머니,
2025-08-29,09:18,지출,온라인쇼핑,결제/충전,나이스_결제,-2500,KRW,네이버페이 머니 하나 통장,
2025-08-29,07:37,지출,교통,대중교통,티머니 지하철,-2250,KRW,K-패스 하나 체크카드,
2025-08-28,22:35,지출,생활,편의점,씨유(CU) 이천현대7차점,-14200,KRW,국민내일배움 FANtastic S 체크,
2025-08-28,20:40,지출,교통,대중교통,티머니 지하철,-800,KRW,K-패스 하나 체크카드,
2025-08-28,20:04,지출,교통,대중교통,경기시내버스_이비,-2800,KRW,K-패스 하나 체크카드,
2025-08-28,19:01,지출,문화/여가,게임,PAYPAL *EPIC GAMES,-20201,KRW,네이버페이 간편결제(머니),
2025-08-28,19:01,지출,문화/여가,게임,PAYPAL *EPIC GAMES,-20201,KRW,네이버페이 머니,
2025-08-28,13:51,지출,금융,은행,송금 내역,-10000,KRW,카카오페이 머니,
2025-08-28,08:34,지출,교통,대중교통,경기시내버스_이비,-1350,KRW,네이버페이 머니 하나 체크카드,
2025-08-28,08:31,지출,교통,대중교통,경기시내버스_이비,-1350,KRW,K-패스 하나 체크카드,
2025-08-28,07:38,지출,교통,대중교통,티머니 지하철,-2250,KRW,K-패스 하나 체크카드,
2025-08-27,21:40,지출,교통,철도,코레일유통주식회사/게이트뱅크(일반),-500,KRW,네이버페이 간편결제(머니),
2025-08-27,20:39,지출,교통,대중교통,티머니 지하철,-800,KRW,네이버페이 머니 하나 체크카드,
2025-08-27,20:34,지출,생활,편의점,지에스25 판교스테이트점,-3000,KRW,K-패스 하나 체크카드,
2025-08-27,20:04,지출,교통,대중교통,경기시내버스_이비,-2800,KRW,네이버페이 머니 하나 체크카드,
2025-08-27,13:57,지출,식비,일식,카쯔야 종로점,-32000,KRW,네이버페이 간편결제(머니),
2025-08-27,09:13,지출,온라인쇼핑,결제/충전,나이스_결제,-2400,KRW,네이버페이 머니 하나 통장,
2025-08-27,08:34,지출,교통,대중교통,경기시내버스_이비,-1350,KRW,네이버페이 머니 하나 체크카드,
2025-08-27,07:38,지출,교통,대중교통,티머니 지하철,-2250,KRW,네이버페이 머니 하나 체크카드,
2025-08-26,20:54,지출,교통,대중교통,티머니 지하철,-800,KRW,네이버페이 머니 하나 체크카드,
2025-08-26,20:18,지출,교통,대중교통,경기시내버스_이비,-2800,KRW,네이버페이 머니 하나 체크카드,
2025-08-26,15:05,지출,온라인쇼핑,서비스구독,OPENAI *CHATGPT SUBSCR,-31920,KRW,네이버페이 간편결제(머니),
2025-08-26,15:05,지출,온라인쇼핑,서비스구독,OPENAI *CHATGPT SUBSCR,-31920,KRW,네이버페이 머니,
2025-08-26,13:59,지출,카페/간식,커피/음료,메가엠지씨커피 서울탑골공원점,-6900,KRW,네이버페이 간편결제(머니),
2025-08-26,13:49,지출,식비,한식,취야벌,-21000,KRW,네이버페이 머니 하나 체크카드,
2025-08-26,07:39,지출,교통,대중교통,티머니 지하철,-2250,KRW,네이버페이 머니 하나 체크카드,
2025-08-25,13:57,지출,식비,한식,대성한정식,-7711,KRW,네이버페이 간편결제(머니),
2025-08-25,13:57,지출,식비,한식,대성한정식,-4289,KRW,네이버페이 간편결제(포인트),
2025-08-25,09:22,지출,온라인쇼핑,결제/충전,나이스_결제,-2600,KRW,네이버페이 머니 하나 통장,
2025-08-24,18:09,지출,교통,대중교통,경기시내버스_이비,-1450,KRW,네이버페이 머니 하나 체크카드,
2025-08-24,10:25,지출,교통,대중교통,경기시내버스_이비,-1450,KRW,네이버페이 머니 하나 체크카드,
2025-08-23,23:11,지출,카페/간식,아이스크림/빙수,현대 아이스크림 할인점,-2400,KRW,Deep On (체크),
2025-08-23,20:42,지출,교통,대중교통,티머니 지하철,-800,KRW,네이버페이 머니 하나 체크카드,
2025-08-23,20:12,지출,교통,대중교통,경기시내버스_이비,-2800,KRW,네이버페이 머니 하나 체크카드,
2025-08-23,18:22,지출,카페/간식,아이스크림/빙수,현대 아이스크림 할인점,-600,KRW,Deep On (체크),
2025-08-23,18:19,지출,생활,편의점,지에스GS25 부발역점,-11400,KRW,Deep On (체크),
2025-08-23,14:36,지출,카페/간식,커피/음료,더벤티 이천신하점,-3500,KRW,Deep On (체크),
2025-08-23,08:37,지출,교통,대중교통,경기시내버스_이비,-1350,KRW,네이버페이 머니 하나 체크카드,
2025-08-23,07:40,지출,교통,대중교통,티머니 지하철,-2250,KRW,네이버페이 머니 하나 체크카드,
2025-08-22,22:03,지출,카페/간식,아이스크림/빙수,현대 아이스크림 할인점,-5400,KRW,Deep On (체크),
2025-08-22,13:47,지출,카페/간식,커피/음료,메가엠지씨커피 서울탑골공원점,-4200,KRW,네이버페이 간편결제(머니),
2025-08-22,13:26,지출,식비,뷔페,미락한식뷔페,-10000,KRW,네이버페이 머니 하나 체크카드,
2025-08-21,21:35,지출,의료/건강,약국,용수약국,-4200,KRW,Deep On (체크),
2025-08-21,21:03,지출,교통,대중교통,이동의즐거움,-10000,KRW,네이버페이 간편결제(머니),
2025-08-21,21:03,지출,교통,대중교통,이동의즐거움,-10000,KRW,네이버페이 간편결제(머니),
2025-08-21,20:10,지출,생활,생필품,주식회사 아성다이소,-3956,KRW,네이버페이 간편결제(머니),
2025-08-21,20:10,지출,생활,생필품,주식회사 아성다이소,-44,KRW,네이버페이 간편결제(포인트),
2025-08-21,13:40,지출,카페/간식,커피/음료,메가엠지씨커피 서울탑골공원점,-4400,KRW,네이버페이 간편결제(머니),
2025-08-21,13:39,지출,의료/건강,약국,성당약국,-3000,KRW,K-패스 하나 체크카드,
2025-08-20,15:22,지출,생활,편의점,지에스GS25 부발역점,-8100,KRW,Deep On (체크),
2025-08-20,14:06,지출,생활,편의점,씨유(CU) 인사동이브점,-5760,KRW,네이버페이 간편결제(머니),
2025-08-20,14:06,지출,생활,편의점,씨유(CU) 인사동이브점,-40,KRW,네이버페이 간편결제(포인트),
2025-08-20,13:30,지출,식비,한식,인사동제면소,-12000,KRW,네이버페이 간편결제(머니),
2025-08-20,09:21,지출,생활,편의점,씨유(CU) 인사동이브점,-2566,KRW,네이버페이 간편결제(머니),
2025-08-20,09:21,지출,생활,편의점,씨유(CU) 인사동이브점,-34,KRW,네이버페이 간편결제(포인트),
2025-08-19,13:39,지출,생활,편의점,(주)코리아세븐N,-3500,KRW,네이버페이 머니 하나 통장,
2025-08-19,13:34,지출,카페/간식,커피/음료,메가MGC커피 종각역점,-4294,KRW,네이버페이 간편결제(머니),
2025-08-19,13:34,지출,카페/간식,커피/음료,메가MGC커피 종각역점,-106,KRW,네이버페이 간편결제(포인트),
2025-08-18,21:23,지출,교통,철도,한국철도공사 수도권서부본부별관,-1190,KRW,네이버페이 간편결제(머니),
2025-08-18,21:23,지출,교통,철도,한국철도공사 수도권서부본부별관,-10,KRW,네이버페이 간편결제(포인트),
2025-08-18,15:16,지출,생활,편의점,지에스GS25 부발역점,-10500,KRW,Deep On (체크),
2025-08-18,13:47,지출,카페/간식,커피/음료,메가엠지씨커피 서울탑골공원점,-7786,KRW,네이버페이 간편결제(머니),
2025-08-18,13:47,지출,카페/간식,커피/음료,메가엠지씨커피 서울탑골공원점,-14,KRW,네이버페이 간편결제(포인트),
2025-08-18,13:24,지출,식비,뷔페,미락한식뷔페,-9974,KRW,네이버페이 간편결제(머니),
2025-08-18,13:24,지출,식비,뷔페,미락한식뷔페,-26,KRW,네이버페이 간편결제(포인트),
2025-08-17,21:44,지출,카페/간식,디저트/떡,메고지고 이천하이닉스점,-3900,KRW,Deep On (체크),
2025-08-17,21:43,지출,카페/간식,디저트/떡,메고지고 이천하이닉스점,-10950,KRW,Deep On (체크),
2025-08-17,12:33,지출,카페/간식,커피/음료,더벤티 이천신하점,-3292,KRW,네이버페이 간편결제(머니),
2025-08-17,12:33,지출,카페/간식,커피/음료,더벤티 이천신하점,-208,KRW,네이버페이 간편결제(포인트),
2025-08-16,17:49,지출,카페/간식,아이스크림/빙수,현대 아이스크림 할인점,-600,KRW,Deep On (체크),
2025-08-16,17:44,지출,생활,편의점,지에스GS25 부발역점,-22800,KRW,Deep On (체크),
2025-08-14,13:44,지출,카페/간식,커피/음료,메가MGC커피 종각역점,-2882,KRW,네이버페이 간편결제(머니),
2025-08-14,13:44,지출,카페/간식,커피/음료,메가MGC커피 종각역점,-18,KRW,네이버페이 간편결제(포인트),
2025-08-14,13:25,지출,식비,패스트푸드,버거옥,-5500,KRW,네이버페이 간편결제(머니),
2025-08-13,13:30,지출,금융,은행,송금 내역,-8000,KRW,카카오페이 머니,
2025-08-13,04:30,지출,금융,카드,하나카드_체크,-145550,KRW,네이버페이 머니 하나 통장,
2025-08-12,16:17,지출,온라인쇼핑,인터넷쇼핑,AliExpress L2L,-5190,KRW,네이버페이 간편결제(머니),
2025-08-12,16:14,지출,온라인쇼핑,인터넷쇼핑,AliExpress L2L,-5072,KRW,네이버페이 간편결제(머니),
2025-08-12,16:14,지출,온라인쇼핑,인터넷쇼핑,AliExpress L2L,-118,KRW,네이버페이 간편결제(포인트),
2025-08-12,13:45,지출,식비,한식,취야벌,-23000,KRW,네이버페이 간편결제(머니),
2025-08-12,13:37,지출,생활,편의점,씨유(CU) 이천현대7차점,-1000,KRW,Deep On (체크),
2025-08-12,13:31,지출,생활,편의점,지에스GS25 부발역점,-12000,KRW,Deep On (체크),
2025-08-11,22:37,지출,온라인쇼핑,인터넷쇼핑,AliExpress L2L,-7107,KRW,네이버페이 간편결제(머니),
2025-08-11,14:00,지출,카페/간식,커피/음료,메가MGC커피 종각역점,-7100,KRW,네이버페이 간편결제(머니),
2025-08-11,13:53,지출,금융,은행,송금 내역,-12000,KRW,카카오페이 머니,
2025-08-11,10:14,지출,온라인쇼핑,인터넷쇼핑,삼성08-003건,-22287,KRW,네이버페이 머니 하나 통장,
2025-08-11,09:10,지출,온라인쇼핑,인터넷쇼핑,씨유(CU)인사동이,-2500,KRW,네이버페이 머니 하나 통장,
2025-08-10,12:38,지출,카페/간식,커피/음료,더벤티 이천신하점,-3500,KRW,Deep On (체크),
2025-08-10,10:21,지출,카페/간식,아이스크림/빙수,현대 아이스크림 할인,-600,KRW,네이버페이 간편결제(머니),
2025-08-10,10:21,지출,카페/간식,아이스크림/빙수,현대 아이스크림 할인,-600,KRW,네이버페이 머니,
2025-08-10,10:20,지출,뷰티/미용,헤어샵,문(Moon)헤어살롱,-15000,KRW,네이버페이 간편결제(머니),
2025-08-10,10:20,지출,뷰티/미용,헤어샵,문(Moon)헤어살롱,-15000,KRW,네이버페이 머니,
2025-08-09,20:02,지출,카페/간식,아이스크림/빙수,현대 아이스크림 할인점,-5400,KRW,Deep On (체크),
2025-08-09,19:15,지출,생활,편의점,GS25이천신하점,-5800,KRW,Deep On (체크),
2025-08-09,19:11,지출,생활,편의점,GS25이천신하점,-3000,KRW,Deep On (체크),
2025-08-09,18:48,지출,생활,생필품,주식회사 아성다이소,-19365,KRW,네이버페이 간편결제(머니),
2025-08-09,18:48,지출,생활,생필품,주식회사 아성다이소,-135,KRW,네이버페이 간편결제(포인트),
2025-08-09,12:32,지출,교통,철도,코레일유통주식회사/게이트뱅크(일반),-500,KRW,네이버페이 간편결제(머니),
2025-08-09,11:32,지출,생활,편의점,스토리웨이 미금맞이방 편의점,-3500,KRW,네이버페이 간편결제(머니),
2025-08-08,15:03,지출,온라인쇼핑,서비스구독,Google,-1246,KRW,네이버페이 간편결제(머니),
2025-08-08,15:03,지출,온라인쇼핑,서비스구독,Google,-54,KRW,네이버페이 간편결제(포인트),
2025-08-08,13:42,지출,금융,증권/투자,베트남 플러스99,-10000,KRW,네이버페이 간편결제(머니),
2025-08-08,13:25,지출,온라인쇼핑,서비스구독,ALIPAY CONNECT PTE. LTD,-6197,KRW,카카오페이 간편결제,
2025-08-08,09:07,지출,생활,편의점,씨유(CU) 인사동이브점,-4600,KRW,네이버페이 간편결제(머니),
2025-08-06,21:41,지출,교통,철도,코레일유통주식회,-500,KRW,네이버페이 머니 하나 통장,
2025-08-06,13:29,지출,식비,중식,서울익스프레스88,-8800,KRW,네이버페이 머니 하나 통장,
2025-08-06,09:12,지출,생활,편의점,씨유(CU) 인사동이브점,-2524,KRW,네이버페이 간편결제(머니),
2025-08-06,09:12,지출,생활,편의점,씨유(CU) 인사동이브점,-76,KRW,네이버페이 간편결제(포인트),
2025-08-05,13:34,지출,식비,한식,돈까스 잔치 익스프레스 종로본점,-11938,KRW,네이버페이 간편결제(머니),
2025-08-05,13:34,지출,식비,한식,돈까스 잔치 익스프레스 종로본점,-62,KRW,네이버페이 간편결제(포인트),
2025-08-04,21:21,지출,교통,철도,코레일유통주식회사/게이트뱅크(일반),-500,KRW,네이버페이 간편결제(머니),
2025-08-04,13:26,지출,식비,뷔페,미락한식뷔페,-20000,KRW,네이버페이 머니 하나 통장,
2025-08-04,09:10,지출,생활,편의점,씨유(CU) 인사동이브점,-451,KRW,네이버페이 간편결제(머니),
2025-08-04,09:10,지출,생활,편의점,씨유(CU) 인사동이브점,-49,KRW,네이버페이 간편결제(포인트),
2025-08-04,08:18,지출,온라인쇼핑,인터넷쇼핑,G마켓,-100,KRW,국민행복,
2025-08-03,14:24,지출,카페/간식,커피/음료,봄봄,-4466,KRW,네이버페이 간편결제(머니),
2025-08-03,14:24,지출,카페/간식,커피/음료,봄봄,-34,KRW,네이버페이 간편결제(포인트),
2025-08-02,17:14,지출,카페/간식,커피/음료,더벤티 이천신하점,-4400,KRW,네이버페이 간편결제(머니),
2025-08-01,14:01,지출,금융,은행,송금 내역,-13000,KRW,카카오페이 머니,
2025-08-01,09:02,지출,생활,편의점,씨유(CU) 인사동이브점,-2504,KRW,네이버페이 간편결제(머니),
2025-08-01,09:02,지출,생활,편의점,씨유(CU) 인사동이브점,-96,KRW,네이버페이 간편결제(포인트),
2025-07-31,14:04,지출,금융,은행,송금 내역,-9500,KRW,카카오페이 머니,
2025-07-31,00:00,지출,금융,카드,07월카드사용알림서비스이용료,0,KRW,국민행복,
2025-07-30,13:49,지출,금융,은행,송금 내역,-11000,KRW,카카오페이 머니,
2025-07-30,00:00,지출,문화/여가,도서,알라딘중고서점(종로)-문화비,21600,KRW,K-패스 하나 체크카드,
2025-07-29,23:26,지출,문화/여가,게임,ALIPAY CONNECT PTE. LTD,-16200,KRW,카카오페이 간편결제,
2025-07-29,19:59,지출,문화/여가,도서,알라딘 중고서점 종로점,-10660,KRW,네이버페이 간편결제(머니),
2025-07-29,19:59,지출,문화/여가,도서,알라딘 중고서점 종로점,-40,KRW,네이버페이 간편결제(포인트),
2025-07-29,18:33,지출,온라인쇼핑,인터넷쇼핑,주식회사 카카오,-3300,KRW,카카오페이 간편결제,
2025-07-29,14:09,지출,금융,은행,송금 내역,-10000,KRW,카카오페이 머니,
2025-07-29,14:08,지출,금융,세금/과태료,빽다방종로3가낙,-3200,KRW,네이버페이 머니 하나 통장,
2025-07-28,14:05,지출,문화/여가,도서,알라딘중고서점(,-21600,KRW,네이버페이 머니 하나 통장,
2025-07-28,13:53,지출,식비,한식,강원도집,-16000,KRW,네이버페이 머니 하나 통장,
2025-07-28,09:10,지출,온라인쇼핑,인터넷쇼핑,씨유(CU)인사동이,-2500,KRW,네이버페이 머니 하나 통장,
2025-07-27,15:38,지출,카페/간식,커피/음료,더벤티 이천신하점,-4400,KRW,Deep On (체크),
2025-07-27,11:16,지출,생활,편의점,씨유(CU) 이천현대7차점,-2600,KRW,Deep On (체크),
2025-07-26,18:42,지출,생활,마트,부발농업협동조합신하지점,-2350,KRW,Deep On (체크),
2025-07-26,12:37,지출,카페/간식,커피/음료,더벤티 이천신하점,-3500,KRW,Deep On (체크),
2025-07-25,19:15,지출,식비,패스트푸드,BKR버거킹종로점,-3900,KRW,네이버페이 간편결제(머니),
2025-07-25,13:32,지출,금융,은행,송금 내역,-1000,KRW,카카오페이 머니,
2025-07-24,20:50,지출,생활,생필품,주식회사 아성다이소,-1970,KRW,네이버페이 간편결제(머니),
2025-07-24,20:50,지출,생활,생필품,주식회사 아성다이소,-30,KRW,네이버페이 간편결제(포인트),
2025-07-24,13:26,지출,식비,뷔페,미락한식뷔페,-10000,KRW,네이버페이 머니 하나 통장,
2025-07-24,09:09,지출,온라인쇼핑,인터넷쇼핑,씨유(CU)인사동이,-2500,KRW,네이버페이 머니 하나 통장,
2025-07-23,20:05,지출,교통,철도,코레일유통주식회사/게이트뱅크(일반),-500,KRW,네이버페이 간편결제(머니),
2025-07-23,13:50,지출,온라인쇼핑,인터넷쇼핑,153구포국수종로,-9500,KRW,네이버페이 머니 하나 통장,
2025-07-23,13:09,지출,온라인쇼핑,서비스구독,Google,-1062,KRW,네이버페이 간편결제(머니),
2025-07-23,13:09,지출,온라인쇼핑,서비스구독,Google,-1238,KRW,네이버페이 간편결제(포인트),
2025-07-23,11:22,지출,온라인쇼핑,서비스구독,ALIPAY CONNECT PTE. LTD,-16370,KRW,카카오페이 간편결제,
2025-07-22,19:31,지출,온라인쇼핑,서비스구독,Google,-2300,KRW,네이버페이 간편결제(포인트),
2025-07-22,17:32,지출,온라인쇼핑,서비스구독,ALIPAY CONNECT PTE. LTD,-16370,KRW,카카오페이 간편결제,
2025-07-22,15:21,지출,온라인쇼핑,결제/충전,(주)KG이니시스,-1148,KRW,네이버페이 간편결제(머니),
2025-07-22,15:21,지출,온라인쇼핑,결제/충전,(주)KG이니시스,-1148,KRW,네이버페이 머니,
2025-07-22,13:55,지출,생활,편의점,(주)코리아세븐N,-3200,KRW,네이버페이 머니 하나 통장,
2025-07-22,13:38,지출,식비,한식,수제왕돈까스,-7000,KRW,네이버페이 머니 하나 통장,
2025-07-22,09:15,지출,온라인쇼핑,인터넷쇼핑,씨유(CU)인사동이,-2500,KRW,네이버페이 머니 하나 통장,
2025-07-21,17:24,지출,온라인쇼핑,서비스구독,Google,-1770,KRW,네이버페이 간편결제(포인트),
2025-07-21,13:54,지출,생활,편의점,씨유(CU)낙원점,-5200,KRW,네이버페이 머니 하나 통장,
2025-07-21,07:07,지출,온라인쇼핑,결제/충전,(주)KG이니시스,1883,KRW,네이버페이 간편결제(머니),
2025-07-20,14:35,지출,온라인쇼핑,결제/충전,(주)KG이니시스,-1151,KRW,네이버페이 간편결제(머니),
2025-07-20,14:35,지출,온라인쇼핑,결제/충전,(주)KG이니시스,-1151,KRW,네이버페이 머니,
2025-07-20,03:27,지출,온라인쇼핑,결제/충전,(주)KG이니시스,-1151,KRW,네이버페이 간편결제(머니),
2025-07-20,03:27,지출,온라인쇼핑,결제/충전,(주)KG이니시스,-1151,KRW,네이버페이 머니,
2025-07-19,18:50,지출,온라인쇼핑,결제/충전,(주)KG이니시스,-1883,KRW,네이버페이 간편결제(머니),
2025-07-19,18:50,지출,온라인쇼핑,결제/충전,(주)KG이니시스,-1883,KRW,네이버페이 머니,
2025-07-19,11:27,지출,온라인쇼핑,결제/충전,(주)KG이니시스,-1151,KRW,네이버페이 간편결제(머니),
2025-07-19,11:27,지출,온라인쇼핑,결제/충전,(주)KG이니시스,-1151,KRW,네이버페이 머니,
2025-07-19,00:00,지출,문화/여가,도서,알라딘중고서점(종로)-문화비,11000,KRW,K-패스 하나 체크카드,
2025-07-18,19:25,지출,교통,대중교통,티머니 지하철,-800,KRW,네이버페이 머니 하나 체크카드,
2025-07-18,18:34,지출,교통,대중교통,경기시내버스_이비,-2800,KRW,네이버페이 머니 하나 체크카드,
2025-07-18,15:12,지출,온라인쇼핑,결제/충전,(주)KG이니시스,-3767,KRW,네이버페이 간편결제(머니),
2025-07-18,15:12,지출,온라인쇼핑,결제/충전,(주)KG이니시스,-3767,KRW,네이버페이 머니,
2025-07-18,14:14,지출,문화/여가,도서,알라딘중고서점(,-7600,KRW,네이버페이 머니 하나 통장,
2025-07-18,14:10,지출,생활,생필품,주식회사 아성다이소,-6000,KRW,네이버페이 간편결제(포인트),
2025-07-18,09:16,지출,온라인쇼핑,인터넷쇼핑,씨유(CU)인사동이,-2500,KRW,네이버페이 머니 하나 통장,
2025-07-18,08:31,지출,교통,대중교통,경기시내버스_이비,-1350,KRW,네이버페이 머니 하나 체크카드,
2025-07-18,07:38,지출,교통,대중교통,티머니 지하철,-2250,KRW,네이버페이 머니 하나 체크카드,
2025-07-17,21:14,지출,온라인쇼핑,결제/충전,Alipay Plus,1231,KRW,네이버페이 간편결제(머니),
2025-07-17,13:26,지출,식비,한식,굿모닝 삼일대로점,-7000,KRW,네이버페이 머니 하나 체크카드,
2025-07-17,09:21,지출,생활,편의점,씨유(CU)인사동이브점,-2600,KRW,네이버페이 머니 하나 체크카드,
2025-07-16,18:27,지출,문화/여가,도서,알라딘중고서점(,-11000,KRW,네이버페이 머니 하나 통장,
2025-07-16,09:12,지출,온라인쇼핑,인터넷쇼핑,씨유(CU)인사동이,-2600,KRW,네이버페이 머니 하나 통장,
2025-07-15,16:11,지출,온라인쇼핑,결제/충전,Alipay Plus,89899,KRW,네이버페이 간편결제(머니),
2025-07-15,15:36,지출,온라인쇼핑,결제/충전,Alipay Plus,-89899,KRW,네이버페이 간편결제(머니),
2025-07-15,14:00,지출,온라인쇼핑,인터넷쇼핑,씨유(CU)인사동이,-2600,KRW,네이버페이 머니 하나 통장,
2025-07-15,13:51,지출,식비,한식,서울뚝배기,-16000,KRW,네이버페이 머니 하나 통장,
2025-07-14,18:44,지출,생활,편의점,(주)코리아세븐N,-3200,KRW,네이버페이 머니 하나 통장,
2025-07-14,07:55,지출,온라인쇼핑,인터넷쇼핑,SSG.COM,29925,KRW,국민행복,
2025-07-14,07:54,지출,온라인쇼핑,인터넷쇼핑,SSG.COM,-29295,KRW,국민행복,
2025-07-14,07:49,지출,온라인쇼핑,인터넷쇼핑,SSG.COM,-29925,KRW,국민행복,
2025-07-14,04:39,지출,금융,카드,하나카드_체크,-17550,KRW,네이버페이 머니 하나 통장,
2025-07-13,11:28,지출,카페/간식,아이스크림/빙수,현대 아이스크림 할인,-600,KRW,네이버페이 간편결제(머니),
2025-07-13,11:28,지출,카페/간식,아이스크림/빙수,현대 아이스크림 할인,-600,KRW,네이버페이 머니,
2025-07-13,11:26,지출,뷰티/미용,헤어샵,문(Moon)헤어살롱,-15000,KRW,네이버페이 간편결제(머니),
2025-07-13,11:26,지출,뷰티/미용,헤어샵,문(Moon)헤어살롱,-15000,KRW,네이버페이 머니,
2025-07-11,14:11,지출,문화/여가,도서,알라딘중고서점(,-11540,KRW,네이버페이 머니 하나 통장,
2025-07-11,13:58,지출,식비,한식,순천식당,-20000,KRW,네이버페이 머니 하나 통장,
2025-07-10,18:40,지출,문화/여가,도서,알라딘중고서점(종로),-21000,KRW,네이버페이 간편결제(머니),
2025-07-10,18:40,지출,문화/여가,도서,알라딘중고서점(종로),-21000,KRW,네이버페이 머니,
2025-07-10,13:22,지출,생활,편의점,씨유(CU) 인사동이브,-3500,KRW,네이버페이 간편결제(머니),
2025-07-10,13:22,지출,생활,편의점,씨유(CU) 인사동이브,-3500,KRW,네이버페이 머니,
2025-07-10,10:14,지출,온라인쇼핑,인터넷쇼핑,삼성07-003건,-22287,KRW,네이버페이 머니 하나 통장,
2025-07-10,09:13,지출,생활,편의점,(주)코리아세븐N,-7600,KRW,네이버페이 머니 하나 통장,
2025-07-09,21:02,지출,교통,철도,코레일유통주식회사/게이트뱅크(일반),-500,KRW,네이버페이 간편결제(머니),
2025-07-09,19:59,지출,생활,미분류,지에스25판교스,-3400,KRW,네이버페이 머니 하나 통장,
2025-07-09,18:20,지출,온라인쇼핑,결제/충전,Alipay Plus,11845,KRW,네이버페이 간편결제(머니),
2025-07-09,17:44,지출,온라인쇼핑,결제/충전,Alipay Plus,-15383,KRW,네이버페이 간편결제(머니),
2025-07-09,13:31,지출,식비,한식,푸드까페 김밥천국 종,-4000,KRW,네이버페이 간편결제(머니),
2025-07-09,13:31,지출,식비,한식,푸드까페 김밥천국 종,-4000,KRW,네이버페이 머니,
2025-07-09,06:37,지출,주거/통신,휴대폰,LG  U+통신요금  자동이체,-990,KRW,국민행복,
2025-07-08,20:43,지출,교통,철도,코레일유통주식회,-400,KRW,네이버페이 머니 하나 통장,
2025-07-08,17:24,지출,온라인쇼핑,서비스구독,ALIPAY CONNECT PTE. LTD,-22809,KRW,카카오페이 간편결제,
2025-07-08,13:59,지출,생활,생필품,주식회사 아성다이소,-6000,KRW,네이버페이 간편결제(머니),
2025-07-08,13:59,지출,생활,생필품,주식회사 아성다이소,-6000,KRW,네이버페이 머니,
2025-07-08,13:30,지출,식비,패스트푸드,BKR버거킹종로점,-7700,KRW,네이버페이 간편결제(머니),
2025-07-08,13:30,지출,식비,패스트푸드,BKR버거킹종로점,-7700,KRW,네이버페이 머니,
2025-07-08,13:15,지출,온라인쇼핑,서비스구독,Google,9570,KRW,네이버페이 간편결제(머니),
2025-07-08,10:18,지출,온라인쇼핑,서비스구독,GMTPOINT,-27000,KRW,네이버페이 간편결제(머니),
2025-07-07,13:15,지출,온라인쇼핑,서비스구독,Google,-9570,KRW,네이버페이 간편결제(머니),
2025-07-07,12:58,지출,온라인쇼핑,결제/충전,Alipay Plus,8056,KRW,네이버페이 간편결제(머니),
2025-07-07,07:38,지출,온라인쇼핑,결제/충전,(주)KG이니시스,24093,KRW,네이버페이 간편결제(머니),
2025-07-05,21:23,지출,온라인쇼핑,결제/충전,(주)KG이니시스,-4530,KRW,네이버페이 간편결제(머니),
2025-07-05,21:23,지출,온라인쇼핑,결제/충전,(주)KG이니시스,-4530,KRW,네이버페이 머니,
2025-07-05,20:32,지출,온라인쇼핑,결제/충전,(주)KG이니시스,-24093,KRW,네이버페이 간편결제(머니),
2025-07-05,20:32,지출,온라인쇼핑,결제/충전,(주)KG이니시스,-24093,KRW,네이버페이 머니,
2025-07-05,15:16,지출,식비,식재료,(주)이스턴웰스본사,-396,KRW,네이버페이 간편결제(머니),
2025-07-05,15:16,지출,식비,식재료,(주)이스턴웰스본사,-4,KRW,네이버페이 간편결제(포인트),
2025-07-03,15:03,지출,식비,식재료,(주)이스턴웰스본사,-400,KRW,네이버페이 간편결제(머니),
2025-07-02,20:30,지출,생활,생필품,주식회사 아성다이소,-1630,KRW,네이버페이 간편결제(머니),
2025-07-02,20:30,지출,생활,생필품,주식회사 아성다이소,-1870,KRW,네이버페이 간편결제(포인트),
2025-07-01,16:51,지출,패션/쇼핑,패션,포스티,-100,KRW,토스 간편결제,
2025-07-01,00:33,지출,온라인쇼핑,결제/충전,Alipay Plus,-14870,KRW,네이버페이 간편결제(머니),
2025-06-30,00:00,지출,금융,카드,06월카드사용알림서비스이용료,0,KRW,국민행복,
2025-06-27,21:06,지출,교통,대중교통,티머니 지하철,-800,KRW,네이버페이 머니 하나 체크카드,
2025-06-27,20:20,지출,교통,대중교통,티머니 버스,-3000,KRW,네이버페이 머니 하나 체크카드,
2025-06-27,18:41,지출,카페/간식,베이커리,빵집오빠 하이닉스점,-3000,KRW,네이버페이 간편결제(머니),
2025-06-27,15:16,지출,교통,대중교통,경기시내버스_이비,-1500,KRW,네이버페이 머니 하나 체크카드,
2025-06-27,14:14,지출,교통,대중교통,티머니 지하철,-2100,KRW,네이버페이 머니 하나 체크카드,
2025-06-26,22:40,지출,온라인쇼핑,인터넷쇼핑,알리익스프레스,-7057,KRW,네이버페이 간편결제(머니),
2025-06-26,22:40,지출,온라인쇼핑,인터넷쇼핑,알리익스프레스,-440,KRW,네이버페이 간편결제(포인트),
2025-06-25,16:41,지출,온라인쇼핑,결제/충전,Alipay Plus,13164,KRW,네이버페이 간편결제(머니),
2025-06-25,16:37,지출,온라인쇼핑,결제/충전,Alipay Plus,12769,KRW,네이버페이 간편결제(머니),
2025-06-25,16:01,지출,온라인쇼핑,결제/충전,Alipay Plus,-14204,KRW,네이버페이 간편결제(머니),
2025-06-25,15:51,지출,온라인쇼핑,결제/충전,Alipay Plus,15011,KRW,네이버페이 간편결제(머니),
2025-06-25,15:10,지출,온라인쇼핑,결제/충전,Alipay Plus,-15011,KRW,네이버페이 간편결제(머니),
2025-06-25,15:08,지출,온라인쇼핑,결제/충전,Alipay Plus,-13164,KRW,네이버페이 간편결제(머니),
2025-06-25,09:55,지출,교통,대중교통,경기시내버스_이비,-1450,KRW,네이버페이 머니 하나 체크카드,
2025-06-25,08:28,지출,교통,대중교통,경기시내버스_이비,-50,KRW,네이버페이 머니 하나 체크카드,
2025-06-25,08:14,지출,교통,대중교통,티머니 지하철,-1400,KRW,네이버페이 머니 하나 체크카드,
2025-06-24,09:46,지출,카페/간식,아이스크림/빙수,미니 아이스크림점,-600,KRW,네이버페이 머니 하나 체크카드,
2025-06-24,08:17,지출,온라인쇼핑,서비스구독,정기과금_블루월넛,-725,KRW,네이버페이 머니 하나 체크카드,
2025-06-23,18:41,지출,카페/간식,커피/음료,빽다방 이천하이닉스점,-2000,KRW,네이버페이 간편결제(포인트),
2025-06-23,12:30,지출,식비,식재료,(주)이스턴웰스본사,-400,KRW,네이버페이 간편결제(포인트),
2025-06-22,12:22,지출,교통,대중교통,경기시내버스_이비,-1450,KRW,네이버페이 머니 하나 체크카드,
2025-06-22,11:01,지출,카페/간식,아이스크림/빙수,현대 아이스크림 할인,-600,KRW,네이버페이 간편결제(머니),
2025-06-22,11:01,지출,카페/간식,아이스크림/빙수,현대 아이스크림 할인,-600,KRW,네이버페이 머니,
2025-06-22,11:00,지출,뷰티/미용,헤어샵,문(Moon)헤어살롱,-15000,KRW,네이버페이 간편결제(머니),
2025-06-22,11:00,지출,뷰티/미용,헤어샵,문(Moon)헤어살롱,-15000,KRW,네이버페이 머니,
2025-06-21,12:14,지출,생활,편의점,지에스25 이천터미널점,-2600,KRW,네이버페이 머니 하나 체크카드,
2025-06-21,07:52,지출,교통,대중교통,경기시내버스_이비,-1450,KRW,네이버페이 머니 하나 체크카드,
2025-06-20,13:31,지출,금융,은행,부발농업협동조합신하,-2600,KRW,네이버페이 간편결제(머니),
2025-06-20,13:31,지출,금융,은행,부발농업협동조합신하,-2600,KRW,네이버페이 머니,
2025-06-19,21:07,지출,카페/간식,아이스크림/빙수,하드나라 신하점,-500,KRW,네이버페이 간편결제(포인트),
2025-06-19,18:22,지출,생활,가구/가전,평택미놀타OA,-1000,KRW,네이버페이 간편결제(머니),
2025-06-19,18:22,지출,생활,가구/가전,평택미놀타OA,-1000,KRW,네이버페이 머니,
2025-06-19,07:59,지출,생활,편의점,GS25이천신하점,-2200,KRW,네이버페이 간편결제(머니),
2025-06-19,07:59,지출,생활,편의점,GS25이천신하점,-2200,KRW,네이버페이 머니,
2025-06-19,07:59,지출,생활,편의점,GS25이천신하점,3100,KRW,네이버페이 간편결제(머니),
2025-06-19,07:58,지출,금융,은행,네이버파이낸셜,-3100,KRW,네이버페이 머니 하나 통장,
2025-06-19,07:58,지출,생활,편의점,GS25이천신하점,-3100,KRW,네이버페이 간편결제(머니),
2025-06-19,05:49,지출,온라인쇼핑,결제/충전,(주)KG이니시스,2030,KRW,네이버페이 간편결제(머니),
2025-06-18,00:45,지출,문화/여가,미분류,ALIPAY CONNECT PTE. LTD,3046,KRW,카카오페이 간편결제,
2025-06-17,20:58,지출,온라인쇼핑,결제/충전,(주)KG이니시스,-2030,KRW,네이버페이 간편결제(머니),
2025-06-17,20:58,지출,온라인쇼핑,결제/충전,(주)KG이니시스,-2030,KRW,네이버페이 머니,
2025-06-17,20:31,지출,온라인쇼핑,결제/충전,(주)KG이니시스,-2030,KRW,네이버페이 간편결제(머니),
2025-06-17,20:31,지출,온라인쇼핑,결제/충전,(주)KG이니시스,-2030,KRW,네이버페이 머니,
2025-06-17,17:49,지출,온라인쇼핑,서비스구독,ALIPAY CONNECT PTE. LTD,-2010,KRW,카카오페이 간편결제,
2025-06-17,17:43,지출,온라인쇼핑,서비스구독,ALIPAY CONNECT PTE. LTD,-1218,KRW,카카오페이 간편결제,
2025-06-17,16:13,지출,온라인쇼핑,서비스구독,ALIPAY CONNECT PTE. LTD,-3046,KRW,카카오페이 간편결제,
2025-06-17,14:55,지출,온라인쇼핑,결제/충전,(주)KG이니시스,-1115,KRW,네이버페이 간편결제(머니),
2025-06-17,14:55,지출,온라인쇼핑,결제/충전,(주)KG이니시스,-1115,KRW,네이버페이 머니,
2025-06-17,13:53,지출,생활,가구/가전,평택미놀타OA,-1000,KRW,네이버페이 간편결제(머니),
2025-06-17,13:53,지출,생활,가구/가전,평택미놀타OA,-1000,KRW,네이버페이 머니,
2025-06-17,13:45,지출,생활,가구/가전,평택미놀타OA,-3000,KRW,네이버페이 간편결제(머니),
2025-06-17,13:45,지출,생활,가구/가전,평택미놀타OA,-3000,KRW,네이버페이 머니,
2025-06-16,09:35,지출,경조/선물,선물,포인트선물,-1796,KRW,네이버페이 간편결제(포인트),
2025-06-15,17:34,지출,금융,은행,부발농업협동조합신하,-2290,KRW,네이버페이 간편결제(머니),
2025-06-15,17:34,지출,금융,은행,부발농업협동조합신하,-2290,KRW,네이버페이 머니,
2025-06-13,14:00,지출,금융,은행,부발농업협동조합신하,-2860,KRW,네이버페이 간편결제(머니),
2025-06-13,14:00,지출,금융,은행,부발농업협동조합신하,-2860,KRW,네이버페이 머니,
2025-06-13,11:55,지출,온라인쇼핑,인터넷쇼핑,Temu,-10932,KRW,토스 간편결제,
2025-06-13,11:55,지출,생활,편의점,토스페이,-13103,KRW,토스뱅크 통장,
2025-06-13,07:57,지출,카페/간식,아이스크림/빙수,하드나라 신하점,-500,KRW,네이버페이 간편결제(포인트),
2025-06-13,04:30,지출,금융,카드,하나카드_체크,-7250,KRW,네이버페이 머니 하나 통장,
2025-06-12,13:40,지출,생활,마트,이마트에브리데이 이,-1380,KRW,네이버페이 간편결제(머니),
2025-06-12,13:40,지출,생활,마트,이마트에브리데이 이,-1380,KRW,네이버페이 머니,
2025-06-12,13:37,지출,생활,생필품,주식회사 아성다이소,-2000,KRW,네이버페이 간편결제(머니),
2025-06-12,13:37,지출,생활,생필품,주식회사 아성다이소,-2000,KRW,네이버페이 머니,
2025-06-11,14:14,지출,온라인쇼핑,인터넷쇼핑,Temu.com,-21922,KRW,국민행복,
2025-06-10,19:08,지출,교통,대중교통,경기시내버스_이비,-1450,KRW,네이버페이 머니 하나 체크카드,
2025-06-10,18:57,지출,교통,대중교통,경기시내버스_이비,-1450,KRW,네이버페이 머니 하나 체크카드,
2025-06-10,18:21,지출,교통,대중교통,경기시내버스_이비,-1450,KRW,네이버페이 머니 하나 체크카드,
2025-06-10,15:52,지출,온라인쇼핑,인터넷쇼핑,쿠팡 주식회사,3000,KRW,네이버페이 간편결제(머니),
2025-06-10,15:40,지출,온라인쇼핑,인터넷쇼핑,쿠팡 주식회사,-3000,KRW,네이버페이 간편결제(머니),
2025-06-10,15:40,지출,온라인쇼핑,인터넷쇼핑,쿠팡 주식회사,-3000,KRW,네이버페이 머니,
2025-06-10,10:12,지출,온라인쇼핑,인터넷쇼핑,삼성06-003건,-22287,KRW,네이버페이 머니 하나 통장,
2025-06-10,08:01,지출,카페/간식,아이스크림/빙수,하드나라 신하점,-500,KRW,네이버페이 간편결제(머니),
2025-06-10,06:44,지출,온라인쇼핑,인터넷쇼핑,G마켓,-690,KRW,국민행복,
2025-06-09,14:07,지출,생활,생활서비스,(주)지에스네트웍스,-3400,KRW,KB국민 첵첵 체크카드(RF),
2025-06-09,13:28,지출,생활,마트,이마트에브리데이 이,-1200,KRW,네이버페이 간편결제(머니),
2025-06-09,13:28,지출,생활,마트,이마트에브리데이 이,-1200,KRW,네이버페이 머니,
2025-06-09,13:25,지출,생활,마트,*15원캐쉬백다이소,-2985,KRW,KB종합통장-저축예금,
2025-06-09,13:24,지출,생활,생필품,주식회사 아성다이소,-1700,KRW,네이버페이 간편결제(머니),
2025-06-09,13:24,지출,생활,생필품,주식회사 아성다이소,-1700,KRW,네이버페이 머니,
2025-06-05,00:00,지출,온라인쇼핑,서비스구독,WHALECOTECHN,30747,KRW,국민행복,
2025-06-04,13:42,지출,금융,세금/과태료,지자체세입금(무인민,-500,KRW,네이버페이 간편결제(머니),
2025-06-04,13:42,지출,금융,세금/과태료,지자체세입금(무인민,-500,KRW,네이버페이 머니,
2025-06-04,12:00,지출,온라인쇼핑,인터넷쇼핑,Temu.com,-31669,KRW,국민행복,
2025-06-03,15:19,지출,금융,증권/투자,코인원,-5000,KRW,입출금통장,
2025-06-03,15:17,지출,금융,증권/투자,코인원,-5000,KRW,입출금통장,
2025-06-03,00:00,지출,온라인쇼핑,서비스구독,WHALECOTECHN,73181,KRW,국민행복,
2025-06-02,16:10,지출,문화/여가,게임,주식회사 아이디팜컴퍼니,-1100,KRW,토스 간편결제,
2025-06-02,16:05,지출,문화/여가,게임,(주) 아이디팜컴퍼,-25000,KRW,토스뱅크 통장,
2025-06-02,11:08,지출,온라인쇼핑,인터넷쇼핑,Temu.com,-73181,KRW,국민행복,
2025-06-01,17:43,지출,온라인쇼핑,인터넷쇼핑,Temu,-3038,KRW,토스 간편결제,
2025-06-01,17:43,지출,생활,편의점,토스페이,-14240,KRW,토스뱅크 통장,
2025-05-31,21:04,지출,카페/간식,아이스크림/빙수,하드나라 신하점,-500,KRW,네이버페이 간편결제(머니),
2025-05-31,00:00,지출,금융,카드,05월카드사용알림서비스이용료,0,KRW,국민행복,
2025-05-30,15:32,지출,금융,은행,부발농업협동조합신하,-3740,KRW,네이버페이 간편결제(머니),
2025-05-30,15:32,지출,금융,은행,부발농업협동조합신하,-3740,KRW,네이버페이 머니,
2025-05-29,21:07,지출,생활,편의점,GS25이천신하점,-1800,KRW,네이버페이 간편결제(머니),
2025-05-29,21:07,지출,생활,편의점,GS25이천신하점,-1800,KRW,네이버페이 머니,
2025-05-27,13:43,지출,생활,마트,이마트에브리데이 이천부발점,-2270,KRW,네이버페이 간편결제(머니),
2025-05-27,13:38,지출,생활,생필품,주식회사 아성다이소,-1000,KRW,네이버페이 간편결제(머니),
2025-05-27,13:35,지출,생활,생필품,주식회사 아성다이소,-1493,KRW,네이버페이 간편결제(머니),
2025-05-27,13:35,지출,생활,생필품,주식회사 아성다이소,-7,KRW,네이버페이 간편결제(포인트),
2025-05-26,16:23,지출,온라인쇼핑,인터넷쇼핑,Temu,3012,KRW,토스 간편결제,
2025-05-26,16:23,지출,생활,편의점,토스페이,-213,KRW,토스뱅크 통장,
2025-05-26,11:22,지출,온라인쇼핑,인터넷쇼핑,Temu,13077,KRW,토스 간편결제,
2025-05-26,11:22,지출,생활,편의점,토스페이,-10278,KRW,토스뱅크 통장,
2025-05-24,21:05,지출,생활,편의점,GS25이천신하점,-900,KRW,네이버페이 간편결제(머니),
2025-05-24,21:05,지출,생활,편의점,GS25이천신하점,-900,KRW,네이버페이 머니,
2025-05-22,18:15,지출,온라인쇼핑,인터넷쇼핑,Temu,-5789,KRW,토스 간편결제,
2025-05-22,18:15,지출,생활,편의점,토스페이,-13642,KRW,토스뱅크 통장,
2025-05-21,08:59,지출,문화/여가,게임,ALIPAY CONNECT PTE. LTD,-4120,KRW,카카오페이 간편결제,
2025-05-20,12:41,지출,생활,마트,이마트에브리데이 이,-4270,KRW,네이버페이 간편결제(머니),
2025-05-20,12:41,지출,생활,마트,이마트에브리데이 이,-4270,KRW,네이버페이 머니,
2025-05-20,12:37,지출,생활,생필품,주식회사 아성다이소,-1000,KRW,네이버페이 간편결제(머니),
2025-05-20,12:37,지출,생활,생필품,주식회사 아성다이소,-1000,KRW,네이버페이 머니,
2025-05-20,08:13,지출,문화/여가,게임,한국닌텐도 주식회사,-8740,KRW,토스 간편결제,
2025-05-20,07:57,지출,카페/간식,아이스크림/빙수,하드나라 신하점,-500,KRW,네이버페이 간편결제(머니),
2025-05-17,20:18,지출,교통,대중교통,경기시내버스_이비,-1450,KRW,네이버페이 머니 하나 체크카드,
2025-05-17,07:59,지출,카페/간식,아이스크림/빙수,하드나라 신하점,-500,KRW,네이버페이 간편결제(머니),
2025-05-16,14:08,지출,온라인쇼핑,인터넷쇼핑,번개장터,3000,KRW,토스 간편결제,
2025-05-16,14:08,지출,생활,편의점,토스페이,-3000,KRW,토스뱅크 통장,
2025-05-15,20:09,지출,카페/간식,아이스크림/빙수,하드나라 신하점,-500,KRW,네이버페이 간편결제(머니),
2025-05-15,13:32,지출,카페/간식,커피/음료,더벤티 이천신하점,-2838,KRW,네이버페이 간편결제(머니),
2025-05-15,13:32,지출,카페/간식,커피/음료,더벤티 이천신하점,-162,KRW,네이버페이 간편결제(포인트),
2025-05-13,20:04,지출,카페/간식,아이스크림/빙수,하드나라 신하점,-500,KRW,네이버페이 간편결제(머니),
2025-05-13,04:30,지출,금융,카드,하나카드_체크,-8950,KRW,네이버페이 머니 하나 통장,
2025-05-12,13:41,지출,생활,생필품,주식회사 아성다이소,-2462,KRW,네이버페이 간편결제(머니),
2025-05-12,13:41,지출,생활,생필품,주식회사 아성다이소,-38,KRW,네이버페이 간편결제(포인트),
2025-05-12,10:12,지출,온라인쇼핑,인터넷쇼핑,삼성05-003건,-22287,KRW,네이버페이 머니 하나 통장,
2025-05-10,13:35,지출,의료/건강,약국,효양약국,-12000,KRW,네이버페이 간편결제(머니),
2025-05-09,20:07,지출,생활,편의점,GS25이천신하점,-1700,KRW,네이버페이 간편결제(머니),
2025-05-09,20:07,지출,생활,편의점,GS25이천신하점,-1700,KRW,네이버페이 머니,
2025-05-09,11:47,지출,교통,대중교통,경기시내버스_이비,-1450,KRW,네이버페이 머니 하나 체크카드,
2025-05-08,16:15,지출,교통,대중교통,경기시내버스_이비,-1450,KRW,네이버페이 머니 하나 체크카드,
2025-05-08,13:39,지출,생활,마트,(주)이마트,-2160,KRW,네이버페이 머니 하나 통장,
2025-05-08,13:34,지출,교통,대중교통,경기시내버스_이비,-1450,KRW,네이버페이 머니 하나 체크카드,
2025-05-08,10:23,지출,카페/간식,아이스크림/빙수,해피트리 아이스크림 할인점,-800,KRW,네이버페이 간편결제(머니),
2025-05-08,10:18,지출,문화/여가,게임,디앤디,-17000,KRW,네이버페이 간편결제(머니),
2025-05-08,10:18,지출,문화/여가,게임,디앤디,-17000,KRW,네이버페이 머니,
2025-05-07,18:57,지출,온라인쇼핑,인터넷쇼핑,ALIEXPRESS.COM,-946,KRW,토스 간편결제,
2025-05-06,16:48,지출,온라인쇼핑,결제/충전,스마일페이 옥션 상품권,-21800,KRW,국민행복,
2025-05-05,15:35,지출,온라인쇼핑,인터넷쇼핑,번개장터,-2880,KRW,네이버페이 간편결제(머니),
2025-05-05,15:35,지출,온라인쇼핑,인터넷쇼핑,번개장터,-6111,KRW,네이버페이 간편결제(포인트),
2025-05-04,12:13,지출,문화/여가,게임,한국닌텐도 주식회사,-2990,KRW,토스 간편결제,
2025-05-02,17:56,지출,교통,대중교통,경기시내버스_이비,-1450,KRW,네이버페이 머니 하나 체크카드,
2025-05-01,18:01,지출,생활,생활서비스,코레일유통주식회사,-500,KRW,네이버페이 머니 하나 체크카드,
2025-04-30,13:36,지출,생활,마트,이마트에브리데이 이천부발점,-2080,KRW,네이버페이 간편결제(포인트),
2025-04-30,12:30,지출,교통,대중교통,경기시내버스_이비,-1450,KRW,네이버페이 머니 하나 체크카드,
2025-04-29,19:07,지출,카페/간식,아이스크림/빙수,하드나라 신하점,-500,KRW,네이버페이 간편결제(포인트),
2025-04-29,15:46,지출,온라인쇼핑,결제/충전,Alipay Plus,-3764,KRW,네이버페이 간편결제(포인트),
2025-04-29,14:06,지출,문화/여가,게임,한국닌텐도 주식회사,-29000,KRW,토스 간편결제,
2025-04-26,13:37,지출,생활,마트,이마트에브리데이 이천부발점,-2180,KRW,네이버페이 간편결제(머니),
2025-04-26,09:22,지출,금융,카드,토스페이먼츠 주식회사,-2093,KRW,네이버페이 간편결제(머니),
2025-04-26,09:22,지출,금융,카드,토스페이먼츠 주식회사,-1507,KRW,네이버페이 간편결제(포인트),
2025-04-25,20:42,지출,온라인쇼핑,인터넷쇼핑,번개장터,-215000,KRW,토스 간편결제,
2025-04-24,17:07,지출,카페/간식,아이스크림/빙수,하드나라 신하점,-500,KRW,네이버페이 간편결제(포인트),
2025-04-22,19:29,지출,반려동물,펫용품,유비벳,-16200,KRW,네이버페이 간편결제(머니),
2025-04-21,07:56,지출,생활,편의점,GS25 이천신하점,-3600,KRW,네이버페이 간편결제(머니),
2025-04-18,19:09,지출,생활,편의점,GS25 이천신하점,-1757,KRW,네이버페이 간편결제(머니),
2025-04-18,19:09,지출,생활,편의점,GS25 이천신하점,-5043,KRW,네이버페이 간편결제(포인트),
2025-04-16,19:08,지출,카페/간식,아이스크림/빙수,하드나라 신하점,-419,KRW,네이버페이 간편결제(머니),
2025-04-16,19:08,지출,카페/간식,아이스크림/빙수,하드나라 신하점,-81,KRW,네이버페이 간편결제(포인트),
2025-04-14,11:59,지출,뷰티/미용,헤어샵,금비헤어샵,-15000,KRW,네이버페이 간편결제(머니),
2025-04-14,11:59,지출,뷰티/미용,헤어샵,금비헤어샵,-15000,KRW,네이버페이 머니,
2025-04-14,04:41,지출,금융,카드,하나카드_체크,-4350,KRW,네이버페이 머니 하나 통장,
2025-04-13,15:09,지출,교통,대중교통,경기시내버스_이비,-1450,KRW,네이버페이 머니 하나 체크카드,
2025-04-13,05:32,지출,교통,대중교통,경기도버스운송사업조합,-1450,KRW,KB국민 첵첵 체크카드(RF),
2025-04-12,10:50,지출,카페/간식,아이스크림/빙수,하드나라 신하점,-180,KRW,네이버페이 간편결제(머니),
2025-04-12,10:50,지출,카페/간식,아이스크림/빙수,하드나라 신하점,-1120,KRW,네이버페이 간편결제(포인트),
2025-04-11,19:10,지출,카페/간식,아이스크림/빙수,하드나라 신하점,-500,KRW,네이버페이 간편결제(포인트),
2025-04-11,13:36,지출,생활,생필품,주식회사 아성다이소,-3000,KRW,네이버페이 간편결제(포인트),
2025-04-10,19:08,지출,카페/간식,아이스크림/빙수,하드나라 신하점,-500,KRW,네이버페이 간편결제(포인트),
2025-04-10,10:14,지출,온라인쇼핑,인터넷쇼핑,삼성04-003건,-22287,KRW,네이버페이 머니 하나 통장,
2025-04-09,07:26,지출,주거/통신,휴대폰,LG  U+통신요금  자동이체,-990,KRW,국민행복,
2025-04-06,17:13,지출,생활,가구/가전,평택미놀타OA,-3000,KRW,네이버페이 간편결제(머니),
2025-04-06,17:13,지출,생활,가구/가전,평택미놀타OA,-3000,KRW,네이버페이 머니,
2025-04-06,12:54,지출,교통,대중교통,티머니 지하철,-2100,KRW,네이버페이 머니 하나 체크카드,
2025-04-06,12:13,지출,교통,대중교통,티머니 지하철,-2500,KRW,네이버페이 머니 하나 체크카드,
2025-04-05,13:41,지출,교통,철도,코레일유통주식회사/게이트뱅크(일반),-500,KRW,네이버페이 간편결제(머니),
2025-04-03,19:14,지출,교통,대중교통,경기시내버스_이비,-1450,KRW,네이버페이 머니 하나 체크카드,
2025-04-03,19:07,지출,생활,편의점,GS25 이천신하점,-1000,KRW,네이버페이 간편결제(머니),
2025-04-03,13:12,지출,생활,생필품,주식회사 아성다이소,-9000,KRW,네이버페이 간편결제(머니),
2025-04-03,13:12,지출,생활,생필품,주식회사 아성다이소,-9000,KRW,네이버페이 머니,
2025-04-01,19:09,지출,카페/간식,아이스크림/빙수,하드나라 신하점,-500,KRW,네이버페이 간편결제(머니),
2025-03-31,18:36,지출,의료/건강,약국,효양약국,-11772,KRW,네이버페이 간편결제(머니),
2025-03-31,18:36,지출,의료/건강,약국,효양약국,-228,KRW,네이버페이 간편결제(포인트),
2025-03-31,00:00,지출,금융,카드,03월카드사용알림서비스이용료,0,KRW,국민행복,
2025-03-30,19:09,지출,교통,대중교통,경기시내버스_이비,-1450,KRW,네이버페이 머니 하나 체크카드,
2025-03-30,19:08,지출,생활,편의점,GS25 이천신하점,-6500,KRW,KB국민 첵첵 체크카드(RF),
2025-03-30,19:08,지출,생활,편의점,GS25 이천신하점,-6500,KRW,KB국민 첵첵 체크카드(RF),
2025-03-30,19:08,지출,생활,편의점,GS25 이천신하점,-6500,KRW,KB국민 첵첵 체크카드(RF),
2025-03-28,15:12,지출,카페/간식,커피/음료,더벤티 이천신하점,-4000,KRW,국민행복,
2025-03-27,13:03,지출,생활,생필품,다이소 매봉역점,-8500,KRW,네이버페이 간편결제(머니),
2025-03-27,00:00,지출,온라인쇼핑,인터넷쇼핑,ALIEXPRESS.COM,29269,KRW,국민행복,
2025-03-26,19:07,지출,카페/간식,아이스크림/빙수,하드나라 신하점,-500,KRW,네이버페이 간편결제(머니),
2025-03-25,19:06,지출,생활,편의점,GS25 이천신하점,-3400,KRW,네이버페이 간편결제(머니),
2025-03-24,17:00,지출,온라인쇼핑,인터넷쇼핑,temu.com,16345,KRW,네이버페이 간편결제(머니),
2025-03-24,15:25,지출,금융,은행,부발농업협동조합신하,-2210,KRW,네이버페이 간편결제(머니),
2025-03-24,15:25,지출,금융,은행,부발농업협동조합신하,-2210,KRW,네이버페이 머니,
2025-03-24,09:20,지출,교육/학습,시험료,원서접수센터,-5182,KRW,네이버페이 간편결제(머니),
2025-03-24,09:20,지출,교육/학습,시험료,원서접수센터,-5182,KRW,네이버페이 머니,
2025-03-24,00:07,지출,온라인쇼핑,인터넷쇼핑,AliExpress.com,-30538,KRW,국민행복,
2025-03-23,23:22,지출,온라인쇼핑,인터넷쇼핑,AliExpress.com,-28909,KRW,국민행복,
2025-03-23,23:01,지출,온라인쇼핑,인터넷쇼핑,AliExpress.com,-4739,KRW,국민행복,
2025-03-23,19:05,지출,카페/간식,아이스크림/빙수,하드나라 신하점,-500,KRW,네이버페이 간편결제(머니),
2025-03-23,11:50,지출,온라인쇼핑,결제/충전,Alipay Plus,13146,KRW,네이버페이 간편결제(머니),
2025-03-23,11:09,지출,온라인쇼핑,결제/충전,Alipay Plus,-13146,KRW,네이버페이 간편결제(머니),
2025-03-21,19:08,지출,생활,편의점,GS25 이천신하점,-3500,KRW,네이버페이 간편결제(머니),
2025-03-21,13:44,지출,금융,은행,부발농업협동조합신하,-2920,KRW,네이버페이 간편결제(머니),
2025-03-21,13:44,지출,금융,은행,부발농업협동조합신하,-2920,KRW,네이버페이 머니,
2025-03-21,13:26,지출,생활,편의점,GS25 이천신하점,-2525,KRW,네이버페이 간편결제(머니),
2025-03-21,13:26,지출,생활,편의점,GS25 이천신하점,-1275,KRW,네이버페이 간편결제(포인트),
2025-03-21,13:23,지출,의료/건강,약국,효양약국,-3200,KRW,네이버페이 간편결제(포인트),
2025-03-20,19:11,지출,생활,편의점,GS25 이천신하점,-10930,KRW,네이버페이 간편결제(포인트),
2025-03-19,18:10,지출,의료/건강,약국,효양약국,-6000,KRW,네이버페이 간편결제(포인트),
2025-03-19,14:54,지출,온라인쇼핑,서비스구독,구글페이먼트코리아 유한회사,-85,KRW,토스 간편결제,
2025-03-19,10:57,지출,온라인쇼핑,서비스구독,구글페이먼트코리아 유한회사,85,KRW,토스 간편결제,
2025-03-19,10:57,지출,생활,편의점,토스페이,-85,KRW,토스뱅크 통장,
2025-03-18,13:42,지출,온라인쇼핑,결제/충전,Alipay Plus,1876,KRW,네이버페이 간편결제(머니),
2025-03-18,12:04,지출,온라인쇼핑,인터넷쇼핑,temu.com,12418,KRW,네이버페이 간편결제(머니),
2025-03-18,12:03,지출,온라인쇼핑,인터넷쇼핑,temu.com,-12418,KRW,네이버페이 간편결제(머니),
2025-03-18,12:03,지출,온라인쇼핑,인터넷쇼핑,temu.com,-12418,KRW,네이버페이 머니,
2025-03-17,17:15,지출,온라인쇼핑,인터넷쇼핑,Temu.com,-19374,KRW,국민행복,
2025-03-17,07:53,지출,교통,대중교통,경기시내버스_이비,-1450,KRW,네이버페이 머니 하나 체크카드,
2025-03-15,18:08,지출,카페/간식,아이스크림/빙수,하드나라 신하점,-500,KRW,네이버페이 간편결제(포인트),
2025-03-14,16:24,지출,온라인쇼핑,인터넷쇼핑,temu.com,-18371,KRW,네이버페이 간편결제(머니),
2025-03-14,16:24,지출,온라인쇼핑,인터넷쇼핑,temu.com,-18371,KRW,네이버페이 머니,
2025-03-13,15:54,지출,뷰티/미용,헤어샵,금비헤어샵,-15000,KRW,네이버페이 간편결제(머니),
2025-03-13,15:54,지출,뷰티/미용,헤어샵,금비헤어샵,-15000,KRW,네이버페이 머니,
2025-03-13,04:29,지출,금융,카드,하나카드_체크,-2850,KRW,네이버페이 머니 하나 통장,
2025-03-11,11:29,지출,문화/여가,스포츠,키오스크_회원제_A,-9000,KRW,네이버페이 간편결제(포인트),
2025-03-11,07:28,지출,온라인쇼핑,결제/충전,Alipay Plus,-14345,KRW,네이버페이 간편결제(머니),
2025-03-10,13:56,지출,카페/간식,아이스크림/빙수,현대 아이스크림 할인점,-500,KRW,네이버페이 간편결제(포인트),
2025-03-10,13:32,지출,카페/간식,아이스크림/빙수,해피트리 아이스크림 할인점,-1400,KRW,네이버페이 간편결제(포인트),
2025-03-10,10:43,지출,온라인쇼핑,인터넷쇼핑,삼성03-003건,-22287,KRW,네이버페이 머니 하나 통장,
2025-03-09,13:58,지출,카페/간식,아이스크림/빙수,해피트리 아이스크림 할인점,-600,KRW,네이버페이 간편결제(포인트),
2025-03-09,13:39,지출,교통,철도,코레일유통주식회사/게이트뱅크(일반),-400,KRW,네이버페이 간편결제(포인트),
2025-03-08,16:48,지출,교통,철도,코레일유통주식회사/게이트뱅크(일반),-400,KRW,네이버페이 간편결제(포인트),
2025-03-05,09:39,지출,교통,대중교통,경기시내버스_이비,-1450,KRW,네이버페이 머니 하나 체크카드,
2025-03-04,10:16,지출,온라인쇼핑,인터넷쇼핑,쿠팡 주식회사,7890,KRW,네이버페이 간편결제(머니),
2025-03-04,10:14,지출,온라인쇼핑,인터넷쇼핑,쿠팡 주식회사,-7890,KRW,네이버페이 간편결제(머니),
2025-03-04,10:14,지출,온라인쇼핑,인터넷쇼핑,쿠팡 주식회사,-7890,KRW,네이버페이 머니,
2025-03-04,09:56,지출,교통,철도,코레일유통주식회사/,-500,KRW,네이버페이 간편결제(머니),
2025-03-04,09:56,지출,교통,철도,코레일유통주식회사/,-500,KRW,네이버페이 머니,
2025-02-27,16:40,지출,온라인쇼핑,인터넷쇼핑,쿠팡 주식회사,-8200,KRW,네이버페이 간편결제(머니),
2025-02-27,16:40,지출,온라인쇼핑,인터넷쇼핑,쿠팡 주식회사,-8200,KRW,네이버페이 머니,
2025-02-21,12:17,지출,식비,식재료,(주)이스턴웰스본사,-400,KRW,네이버페이 간편결제(포인트),
2025-02-21,12:17,지출,식비,식재료,(주)이스턴웰스본사,-300,KRW,네이버페이 간편결제(포인트),
2025-02-21,12:17,지출,식비,식재료,(주)이스턴웰스본사,-300,KRW,네이버페이 간편결제(포인트),
2025-02-18,15:03,지출,식비,식재료,(주)이스턴웰스본사,-400,KRW,네이버페이 간편결제(머니),
2025-02-17,18:43,지출,의료/건강,약국,용수약국,-8938,KRW,네이버페이 간편결제(머니),
2025-02-17,18:43,지출,의료/건강,약국,용수약국,-2062,KRW,네이버페이 간편결제(포인트),
2025-02-17,15:04,지출,식비,식재료,(주)이스턴웰스본사,-1100,KRW,네이버페이 간편결제(포인트),
2025-02-17,15:04,지출,식비,식재료,(주)이스턴웰스본사,-550,KRW,네이버페이 간편결제(포인트),
2025-02-14,12:22,지출,뷰티/미용,헤어샵,금비헤어샵,-15000,KRW,네이버페이 간편결제(머니),
2025-02-14,12:22,지출,뷰티/미용,헤어샵,금비헤어샵,-15000,KRW,네이버페이 머니,
2025-02-13,19:53,지출,문화/여가,미분류,마스타해외승인출금,-993,KRW,KB종합통장-저축예금,
2025-02-13,11:53,지출,온라인쇼핑,인터넷쇼핑,TAOBAO.COM,0,KRW,KB국민 첵첵 체크카드(RF),
2025-02-13,04:34,지출,금융,카드,하나카드_체크,-1400,KRW,네이버페이 머니 하나 통장,
2025-02-12,20:51,지출,온라인쇼핑,인터넷쇼핑,Aliexpress,-966,KRW,KB국민 첵첵 체크카드(RF),
2025-02-11,14:18,지출,온라인쇼핑,인터넷쇼핑,쿠팡 주식회사,-11023,KRW,네이버페이 간편결제(머니),
2025-02-11,14:18,지출,온라인쇼핑,인터넷쇼핑,쿠팡 주식회사,-11023,KRW,네이버페이 머니,
2025-02-10,15:19,지출,온라인쇼핑,인터넷쇼핑,Aliexpress,-818,KRW,KB국민 첵첵 체크카드(RF),
2025-02-10,10:14,지출,온라인쇼핑,인터넷쇼핑,삼성02-003건,-22287,KRW,네이버페이 머니 하나 통장,
2025-02-09,19:05,지출,온라인쇼핑,인터넷쇼핑,쿠팡 주식회사,-13000,KRW,네이버페이 간편결제(머니),
2025-02-09,19:05,지출,온라인쇼핑,인터넷쇼핑,쿠팡 주식회사,-13000,KRW,네이버페이 머니,
2025-02-08,23:32,지출,금융,세금/과태료,토스인컴,-2100,KRW,토스 간편결제,
2025-02-08,21:48,지출,교통,대중교통,경기시내버스_이비,-1450,KRW,네이버페이 머니 하나 체크카드,
2025-02-08,18:41,지출,교통,대중교통,티머니 지하철,-1400,KRW,네이버페이 머니 하나 체크카드,
2025-02-04,12:04,지출,온라인쇼핑,인터넷쇼핑,쿠팡 주식회사,-7890,KRW,네이버페이 간편결제(머니),
2025-02-04,12:04,지출,온라인쇼핑,인터넷쇼핑,쿠팡 주식회사,-7890,KRW,네이버페이 머니,
2025-02-03,09:34,지출,금융,세금/과태료,갤럭시아머,-5220,KRW,네이버페이 머니 하나 통장,
2025-02-02,12:27,지출,식비,식재료,(주)이스턴웰스본사,-300,KRW,네이버페이 간편결제(머니),
2025-02-02,12:27,지출,식비,식재료,(주)이스턴웰스본사,-400,KRW,네이버페이 간편결제(머니),
2025-01-22,19:09,지출,생활,마트,노브랜드 스타필드수원점,-2880,KRW,네이버페이 간편결제(머니),
2025-01-20,18:40,지출,의료/건강,약국,용수약국,-1100,KRW,네이버페이 간편결제(머니),
2025-01-20,18:40,지출,의료/건강,약국,용수약국,-4900,KRW,네이버페이 간편결제(포인트),
2025-01-19,16:54,지출,교통,대중교통,티머니 지하철,-1400,KRW,네이버페이 머니 하나 체크카드,
2025-01-18,11:19,지출,뷰티/미용,헤어샵,금비헤어샵,-15000,KRW,네이버페이 간편결제(머니),
2025-01-18,11:19,지출,뷰티/미용,헤어샵,금비헤어샵,-15000,KRW,네이버페이 머니,
2025-01-17,18:47,지출,의료/건강,약국,용수약국,-13400,KRW,네이버페이 간편결제(머니),
2025-01-15,18:06,지출,식비,식재료,(주)이스턴웰스본사,-400,KRW,네이버페이 간편결제(머니),
2025-01-15,12:19,지출,식비,식재료,(주)이스턴웰스본사,-269,KRW,네이버페이 간편결제(머니),
2025-01-15,12:19,지출,식비,식재료,(주)이스턴웰스본사,-131,KRW,네이버페이 간편결제(포인트),
2025-01-15,07:39,지출,온라인쇼핑,인터넷쇼핑,Aliexpress,-1622,KRW,KB국민 첵첵 체크카드(RF),
2025-01-13,15:03,지출,식비,식재료,(주)이스턴웰스본사,-400,KRW,네이버페이 간편결제(머니),
2025-01-13,12:23,지출,식비,식재료,(주)이스턴웰스본사,-400,KRW,네이버페이 간편결제(머니),
2025-01-13,12:23,지출,식비,식재료,(주)이스턴웰스본사,-300,KRW,네이버페이 간편결제(머니),
2025-01-13,04:44,지출,금융,카드,하나카드_체크,-1400,KRW,네이버페이 머니 하나 통장,
2025-01-12,12:33,지출,온라인쇼핑,인터넷쇼핑,taobao.com,-1340,KRW,네이버페이 간편결제(머니),
2025-01-12,12:33,지출,온라인쇼핑,인터넷쇼핑,taobao.com,-1340,KRW,네이버페이 머니,
2025-01-11,12:22,지출,식비,식재료,(주)이스턴웰스본사,-300,KRW,네이버페이 간편결제(머니),
2025-01-10,10:13,지출,온라인쇼핑,인터넷쇼핑,삼성01-003건,-22287,KRW,네이버페이 머니 하나 통장,
2025-01-09,18:46,지출,카페/간식,아이스크림/빙수,현대 아이스크림 할인점,-600,KRW,네이버페이 간편결제(머니),
2025-01-09,12:25,지출,식비,식재료,(주)이스턴웰스본사,-300,KRW,네이버페이 간편결제(머니),
2025-01-09,12:25,지출,식비,식재료,(주)이스턴웰스본사,-400,KRW,네이버페이 간편결제(머니),
2025-01-09,12:25,지출,식비,식재료,(주)이스턴웰스본사,-300,KRW,네이버페이 간편결제(머니),
2025-01-09,12:24,지출,식비,식재료,(주)이스턴웰스본사,-400,KRW,네이버페이 간편결제(머니),
2025-01-09,12:24,지출,식비,식재료,(주)이스턴웰스본사,-300,KRW,네이버페이 간편결제(머니),
2025-01-09,07:23,지출,주거/통신,휴대폰,LG  U+통신요금  자동이체,-110,KRW,국민행복,
2025-01-08,15:04,지출,식비,식재료,(주)이스턴웰스본사,-400,KRW,네이버페이 간편결제(머니),
2025-01-08,12:23,지출,식비,식재료,(주)이스턴웰스본사,-300,KRW,네이버페이 간편결제(머니),
2025-01-07,12:37,지출,식비,식재료,(주)이스턴웰스본사,-400,KRW,네이버페이 간편결제(머니),
2025-01-06,17:00,지출,온라인쇼핑,인터넷쇼핑,temu.com,4382,KRW,네이버페이 간편결제(머니),
2025-01-05,12:48,지출,식비,식재료,(주)이스턴웰스본사,-400,KRW,네이버페이 간편결제(머니),
2025-01-05,12:48,지출,식비,식재료,(주)이스턴웰스본사,-300,KRW,네이버페이 간편결제(머니),
2025-01-05,12:48,지출,식비,식재료,(주)이스턴웰스본사,-300,KRW,네이버페이 간편결제(머니),
2025-01-04,15:02,지출,식비,식재료,(주)이스턴웰스본사,-300,KRW,네이버페이 간편결제(머니),
2025-01-04,15:01,지출,식비,식재료,(주)이스턴웰스본사,-300,KRW,네이버페이 간편결제(머니),
2025-01-04,15:01,지출,식비,식재료,(주)이스턴웰스본사,-300,KRW,네이버페이 간편결제(머니),
2025-01-04,12:18,지출,식비,식재료,(주)이스턴웰스본사,-400,KRW,네이버페이 간편결제(머니),
2025-01-03,20:51,지출,온라인쇼핑,인터넷쇼핑,SSG.COM,-45780,KRW,네이버페이 간편결제(머니),
2025-01-03,20:51,지출,온라인쇼핑,인터넷쇼핑,SSG.COM,-45780,KRW,네이버페이 머니,
2025-01-03,18:04,지출,식비,식재료,(주)이스턴웰스본사,-300,KRW,네이버페이 간편결제(머니),
2025-01-03,15:02,지출,식비,식재료,(주)이스턴웰스본사,-400,KRW,네이버페이 간편결제(머니),
2025-01-03,12:16,지출,식비,식재료,(주)이스턴웰스본사,-300,KRW,네이버페이 간편결제(머니),
2025-01-02,15:01,지출,식비,식재료,(주)이스턴웰스본사,-300,KRW,네이버페이 간편결제(머니),
2025-01-02,15:01,지출,식비,식재료,(주)이스턴웰스본사,-13,KRW,네이버페이 간편결제(머니),
2025-01-02,15:01,지출,식비,식재료,(주)이스턴웰스본사,-387,KRW,네이버페이 간편결제(포인트),
2025-01-02,12:14,지출,식비,식재료,(주)이스턴웰스본사,-300,KRW,네이버페이 간편결제(포인트),
2025-01-01,17:48,지출,온라인쇼핑,인터넷쇼핑,temu.com,-13999,KRW,네이버페이 간편결제(머니),
2025-01-01,17:48,지출,온라인쇼핑,인터넷쇼핑,temu.com,-13999,KRW,네이버페이 머니,
2024-12-31,16:34,지출,교통,대중교통,티머니 지하철,-1400,KRW,네이버페이 머니 하나 체크카드,
2024-12-30,21:10,지출,온라인쇼핑,인터넷쇼핑,쿠팡 주식회사,22600,KRW,네이버페이 간편결제(머니),
2024-12-30,21:04,지출,금융,은행,네이버파이낸셜,-11538,KRW,네이버페이 머니 하나 통장,
2024-12-30,21:04,지출,온라인쇼핑,인터넷쇼핑,쿠팡 주식회사,-11538,KRW,네이버페이 간편결제(머니),
2024-12-30,21:03,지출,온라인쇼핑,인터넷쇼핑,쿠팡 주식회사,-22600,KRW,네이버페이 간편결제(머니),
2024-12-30,21:03,지출,온라인쇼핑,인터넷쇼핑,쿠팡 주식회사,-22600,KRW,네이버페이 머니,
2024-12-30,20:38,지출,온라인쇼핑,인터넷쇼핑,temu.com,14096,KRW,네이버페이 간편결제(머니),
2024-12-30,20:36,지출,온라인쇼핑,인터넷쇼핑,temu.com,-14096,KRW,네이버페이 간편결제(머니),
2024-12-30,20:36,지출,온라인쇼핑,인터넷쇼핑,temu.com,-14096,KRW,네이버페이 머니,
2024-12-30,17:00,지출,교통,택시,이동의즐거움_택시_0,-6900,KRW,네이버페이 머니 하나 체크카드,
2024-12-29,12:13,지출,식비,식재료,(주)이스턴웰스본사,-400,KRW,네이버페이 간편결제(포인트),
2024-12-29,12:13,지출,식비,식재료,(주)이스턴웰스본사,-400,KRW,네이버페이 간편결제(포인트),
2024-12-28,18:06,지출,생활,생필품,토이하우스,-1000,KRW,네이버페이 간편결제(포인트),
2024-12-28,18:06,지출,생활,생필품,토이하우스,-1000,KRW,네이버페이 간편결제(포인트),
2024-12-27,18:46,지출,의료/건강,약국,용수약국,-5000,KRW,네이버페이 간편결제(포인트),
2024-12-27,15:02,지출,식비,식재료,(주)이스턴웰스본사,-300,KRW,네이버페이 간편결제(포인트),
2024-12-27,09:31,지출,주거/통신,휴대폰,티플러스 kct,-100,KRW,KB국민 첵첵 체크카드(RF),
2024-12-26,15:02,지출,식비,식재료,(주)이스턴웰스본사,-400,KRW,네이버페이 간편결제(포인트),
2024-12-26,12:22,지출,식비,식재료,(주)이스턴웰스본사,-300,KRW,네이버페이 간편결제(포인트),
2024-12-26,12:22,지출,식비,식재료,(주)이스턴웰스본사,-300,KRW,네이버페이 간편결제(포인트),
2024-12-25,23:57,지출,온라인쇼핑,인터넷쇼핑,temu.com,-2307,KRW,네이버페이 간편결제(머니),
2024-12-25,23:57,지출,온라인쇼핑,인터넷쇼핑,temu.com,-2307,KRW,네이버페이 머니,
2024-12-25,23:54,지출,온라인쇼핑,인터넷쇼핑,temu.com,-15575,KRW,네이버페이 간편결제(머니),
2024-12-25,23:54,지출,온라인쇼핑,인터넷쇼핑,temu.com,-15575,KRW,네이버페이 머니,
2024-12-25,15:03,지출,식비,식재료,(주)이스턴웰스본사,-300,KRW,네이버페이 간편결제(포인트),
2024-12-25,12:25,지출,식비,식재료,(주)이스턴웰스본사,-400,KRW,네이버페이 간편결제(포인트),
2024-12-24,18:32,지출,온라인쇼핑,서비스구독,쿠팡와우월회비,-7890,KRW,입출금통장,
2024-12-24,15:08,지출,식비,식재료,(주)이스턴웰스본사,-300,KRW,네이버페이 간편결제(포인트),
2024-12-24,15:04,지출,식비,식재료,(주)이스턴웰스본사,-400,KRW,네이버페이 간편결제(포인트),
2024-12-24,12:16,지출,식비,식재료,(주)이스턴웰스본사,-400,KRW,네이버페이 간편결제(포인트),
2024-12-23,15:02,지출,식비,식재료,(주)이스턴웰스본사,-400,KRW,네이버페이 간편결제(포인트),
2024-12-23,15:02,지출,식비,식재료,(주)이스턴웰스본사,-400,KRW,네이버페이 간편결제(포인트),
2024-12-22,18:10,지출,뷰티/미용,헤어샵,금비헤어샵,-15000,KRW,네이버페이 간편결제(머니),
2024-12-22,18:10,지출,뷰티/미용,헤어샵,금비헤어샵,-15000,KRW,네이버페이 머니,
2024-12-22,17:11,지출,교통,철도,코레일유통주식회사/게이트뱅크(일반),-500,KRW,네이버페이 간편결제(포인트),
2024-12-21,15:01,지출,식비,식재료,(주)이스턴웰스본사,-400,KRW,네이버페이 간편결제(포인트),
2024-12-21,12:20,지출,식비,식재료,(주)이스턴웰스본사,-300,KRW,네이버페이 간편결제(포인트),
2024-12-20,12:14,지출,식비,식재료,(주)이스턴웰스본사,-300,KRW,네이버페이 간편결제(포인트),
2024-12-20,12:13,지출,식비,식재료,(주)이스턴웰스본사,-300,KRW,네이버페이 간편결제(포인트),
2024-12-19,15:03,지출,식비,식재료,(주)이스턴웰스본사,-400,KRW,네이버페이 간편결제(포인트),
2024-12-19,12:20,지출,식비,식재료,(주)이스턴웰스본사,-300,KRW,네이버페이 간편결제(포인트),
2024-12-19,12:20,지출,식비,식재료,(주)이스턴웰스본사,-300,KRW,네이버페이 간편결제(포인트),
2024-12-18,15:02,지출,식비,식재료,(주)이스턴웰스본사,-400,KRW,네이버페이 간편결제(포인트),
2024-12-18,15:02,지출,식비,식재료,(주)이스턴웰스본사,-400,KRW,네이버페이 간편결제(포인트),
2024-12-18,12:13,지출,식비,식재료,(주)이스턴웰스본사,-300,KRW,네이버페이 간편결제(포인트),
2024-12-16,18:03,지출,온라인쇼핑,인터넷쇼핑,SSG.COM,20379,KRW,네이버페이 간편결제(머니),
2024-12-16,15:02,지출,식비,식재료,(주)이스턴웰스본사,-400,KRW,네이버페이 간편결제(포인트),
2024-12-16,12:15,지출,식비,식재료,(주)이스턴웰스본사,-300,KRW,네이버페이 간편결제(포인트),
2024-12-15,15:01,지출,식비,식재료,(주)이스턴웰스본사,-300,KRW,네이버페이 간편결제(포인트),
2024-12-15,12:16,지출,식비,식재료,(주)이스턴웰스본사,-300,KRW,네이버페이 간편결제(포인트),
2024-12-14,12:55,지출,식비,식재료,(주)이스턴웰스본사,-400,KRW,네이버페이 간편결제(포인트),
2024-12-12,15:19,지출,식비,식재료,(주)이스턴웰스본사,-400,KRW,네이버페이 간편결제(포인트),
2024-12-12,12:51,지출,식비,식재료,(주)이스턴웰스본사,-300,KRW,네이버페이 간편결제(포인트),
2024-12-11,15:17,지출,식비,식재료,(주)이스턴웰스본사,-300,KRW,네이버페이 간편결제(포인트),
2024-12-11,12:52,지출,식비,식재료,(주)이스턴웰스본사,-400,KRW,네이버페이 간편결제(포인트),
2024-12-10,15:18,지출,식비,식재료,(주)이스턴웰스본사,-400,KRW,네이버페이 간편결제(포인트),
2024-12-10,12:55,지출,식비,식재료,(주)이스턴웰스본사,-300,KRW,네이버페이 간편결제(포인트),
2024-12-10,10:15,지출,온라인쇼핑,인터넷쇼핑,삼성12-003건,-22287,KRW,네이버페이 머니 하나 통장,
2024-12-09,14:01,지출,온라인쇼핑,인터넷쇼핑,SSG.COM,-20379,KRW,네이버페이 간편결제(머니),
2024-12-09,14:01,지출,온라인쇼핑,인터넷쇼핑,SSG.COM,-20379,KRW,네이버페이 머니,
2024-12-09,11:30,지출,카페/간식,아이스크림/빙수,하드나라 신하점,-700,KRW,네이버페이 간편결제(포인트),
2024-12-07,18:38,지출,의료/건강,약국,용수약국,-6000,KRW,네이버페이 간편결제(포인트),
2024-12-07,12:15,지출,식비,식재료,(주)이스턴웰스본사,-300,KRW,네이버페이 간편결제(포인트),
2024-12-05,18:52,지출,카페/간식,아이스크림/빙수,현대 아이스크림 할인점,-600,KRW,네이버페이 간편결제(포인트),
2024-12-05,18:07,지출,식비,식재료,(주)이스턴웰스본사,-400,KRW,네이버페이 간편결제(포인트),
2024-12-05,12:21,지출,식비,식재료,(주)이스턴웰스본사,-400,KRW,네이버페이 간편결제(포인트),
2024-12-05,12:21,지출,식비,식재료,(주)이스턴웰스본사,-300,KRW,네이버페이 간편결제(포인트),
2024-12-04,12:18,지출,카페/간식,커피/음료,이스턴웰스자판기,-900,KRW,KB국민 첵첵 체크카드(RF),
2024-12-04,12:14,지출,식비,식재료,(주)이스턴웰스본사,-300,KRW,네이버페이 간편결제(포인트),
2024-12-04,12:14,지출,식비,식재료,(주)이스턴웰스본사,-300,KRW,네이버페이 간편결제(포인트),
2024-12-03,15:02,지출,식비,식재료,(주)이스턴웰스본사,-300,KRW,네이버페이 간편결제(포인트),
